id,name,file_introduced_path,introduced_version_commit_hash,introduced_version_author,introduced_version_date,comment_location,func_specifier,func_return_type,func_name,func_parameter_list,func_line,has_removed_version,removed_version_commit_hash,removed_version_author,removed_version_date,last_found_path,last_found_commit_hash,last_found_author,last_found_date,last_found_comment_location,last_found_func_specifier,last_found_func_return_type,last_found_func_name,last_found_func_parameter_list,last_found_func_line,td_classification,start_line,end_line,comment_text
10480208,Loader.java,src/java/org/apache/log4j/helpers/Loader.java,caa8e432af35512216b58492e3d8499f7262e109,Ceki Gulcu ,2001-10-11 15:10:21,FUNCTION,static public,URL,getResource,String resource ,61,f,,,,src/main/java/org/apache/log4j/helpers/Loader.java,95bd0fe7b9f2d37836d88d1c04aba0beeba8e921,Gary D. Gregory ,2014-02-11 13:21:15,FUNCTION,static public,URL,getResource,String resource ,88,DESIGN,78,79,// We could not find resource. Ler us now try with the // classloader that loaded this class.
10482512,OptionConverter.java,src/java/org/apache/log4j/helpers/OptionConverter.java,d192ca52485990a035b7ef84cea67a6743ad3d47,Ceki Gulcu ,2005-01-08 13:14:03,FUNCTION,static,Logger,getLogger,"",62,t,7c8d2d6732c10a519ac231edb406c97a38abc182,Curtis William Arnold ,2008-08-15 05:53:55,src/main/java/org/apache/log4j/helpers/OptionConverter.java,719d93cd529c1f406668242393ff188d7ae77025,Curtis William Arnold ,2007-07-18 05:06:07,FUNCTION,static,Logger,getLogger,"",56,DESIGN,61,61,// TODO: this method should be removed if OptionConverter becomes a static
10482553,OptionConverter.java,src/java/org/apache/log4j/helpers/OptionConverter.java,1f62d9a039c3ee68f66c6c5cb41760438777dfd8,Ceki Gulcu ,2005-01-08 14:05:29,FUNCTION,public static,void,setLoggerRepository,LoggerRepository lr ,61,t,7c8d2d6732c10a519ac231edb406c97a38abc182,Curtis William Arnold ,2008-08-15 05:53:55,src/main/java/org/apache/log4j/helpers/OptionConverter.java,719d93cd529c1f406668242393ff188d7ae77025,Curtis William Arnold ,2007-07-18 05:06:07,FUNCTION,public static,void,setLoggerRepository,LoggerRepository lr ,61,DESIGN,60,60,// TODO: this method should be removed if OptionConverter becomes totally static
10486504,Transform.java,src/java/org/apache/log4j/helpers/Transform.java,7bd0c413a7902328b3e48de73486b7076ae0efbb,Ceki Gulcu ,2002-04-26 12:31:42,FUNCTION,static public,String,escapeTags,String input ,29,f,,,,src/main/java/org/apache/log4j/helpers/Transform.java,cb2d874d82a5ffb5435778d2869d827e7fca9b7c,Curtis William Arnold ,2007-08-10 22:05:16,FUNCTION,static public,String,escapeTags,final String input ,43,DESIGN,37,38,//Use a StringBuffer in lieu of String concatenation -- it is //much more efficient this way.
10487100,FileDnDTarget.java,src/java/org/apache/log4j/chainsaw/dnd/FileDnDTarget.java,d8530a7ba0a823db98022edabcc018e5864ab2a5,Paul Jeffrey Smith ,2004-09-02 00:30:19,FUNCTION,private,void,decorateComponent,"",82,t,0c831191c19467e54fa8f30e640d8e41e4e99328,Paul Jeffrey Smith ,2005-02-25 03:17:34,src/java/org/apache/log4j/chainsaw/dnd/FileDnDTarget.java,c12e49983b082a4286e39d639fb3324cde6315ce,Ceki Gulcu ,2004-09-17 10:23:32,FUNCTION,private,void,decorateComponent,"",80,DESIGN,83,83,//        TODO work out a better way of decorating a component
10488851,HelpManager.java,src/java/org/apache/log4j/chainsaw/help/HelpManager.java,bc50e850e3193f556c6c22631eb0fc54a64a9cbf,Paul Jeffrey Smith ,2003-12-19 06:50:35,FUNCTION,public,void,showHelpForClass,Class class1 ,189,t,0d1bc03ceaf04880c70dfe06ede90da7603f683c,Paul Jeffrey Smith ,2003-12-22 07:59:21,src/java/org/apache/log4j/chainsaw/help/HelpManager.java,bc50e850e3193f556c6c22631eb0fc54a64a9cbf,Paul Jeffrey Smith ,2003-12-19 06:50:35,FUNCTION,public,void,showHelpForClass,Class class1 ,189,DESIGN,190,191,// TODO This needs to convert the FQN class name into a valid help URL. //		 TODO Be also nice to be able to set a BaseHelpURL or something instead of hitting the Apache server.
10488873,HelpManager.java,src/java/org/apache/log4j/chainsaw/help/HelpManager.java,f45056b1a7489b6273f5ff26664c6788f29244de,Paul Jeffrey Smith ,2003-12-23 02:54:40,"","","","","",0,t,0c831191c19467e54fa8f30e640d8e41e4e99328,Paul Jeffrey Smith ,2005-02-25 03:17:34,src/java/org/apache/log4j/chainsaw/help/HelpManager.java,2832067038848e80915c1d7d7e0d90ae00700edf,Scott Deboy ,2004-11-24 08:17:02,"","","","","",0,DESIGN,88,88,// TODO: handle exception
10493852,SocketAppender.java,src/java/org/apache/log4j/net/SocketAppender.java,ad3450477a77a963b46c8c563e7c857e85a994ce,Paul Jeffrey Smith ,2003-06-24 08:24:57,FUNCTION,public,boolean,isActive,"",514,t,9d8ddc07310be17aba019c96a80de3784753f578,Ceki Gulcu ,2003-06-25 17:21:18,src/java/org/apache/log4j/net/SocketAppender.java,ad3450477a77a963b46c8c563e7c857e85a994ce,Paul Jeffrey Smith ,2003-06-24 08:24:57,FUNCTION,public,boolean,isActive,"",514,DESIGN,515,515,// TODO handle active/inactive
10495105,SocketHubAppender.java,src/java/org/apache/log4j/net/SocketHubAppender.java,1a29e3ec91205f488d5ad379ecf61282a520bb2c,Ceki Gulcu ,2002-03-25 22:05:36,FUNCTION,public,void,append,LoggingEvent event ,168,f,,,,src/main/java/org/apache/log4j/net/SocketHubAppender.java,95bd0fe7b9f2d37836d88d1c04aba0beeba8e921,Gary D. Gregory ,2014-02-11 13:21:15,FUNCTION,public,void,append,LoggingEvent event ,204,DESIGN,186,188,"// catch this, but just don't assign a value // this should not really occur as this method is // the only one that can remove oos's (besides cleanUp)."
10495109,SocketHubAppender.java,src/java/org/apache/log4j/net/SocketHubAppender.java,1a29e3ec91205f488d5ad379ecf61282a520bb2c,Ceki Gulcu ,2002-03-25 22:05:36,FUNCTION,public,void,append,LoggingEvent event ,168,f,,,,src/main/java/org/apache/log4j/net/SocketHubAppender.java,95bd0fe7b9f2d37836d88d1c04aba0beeba8e921,Gary D. Gregory ,2014-02-11 13:21:15,FUNCTION,public,void,append,LoggingEvent event ,204,DESIGN,198,200,// Failing to reset the object output stream every now and // then creates a serious memory leak. // right now we always reset. TODO - set up frequency counter per oos?
10503435,PluginPropertyEditorPanel.java,src/java/org/apache/log4j/chainsaw/receivers/PluginPropertyEditorPanel.java,52991087d7eb4a160d14f7d7193ae877777ff51a,Paul Jeffrey Smith ,2003-12-18 21:41:45,FUNCTION,private,void,initComponents,"",107,t,2cd6937d8ca2245d854a4121ddcbab9c4cbb3db4,Paul Jeffrey Smith ,2003-12-19 03:21:36,src/java/org/apache/log4j/chainsaw/receivers/PluginPropertyEditorPanel.java,52991087d7eb4a160d14f7d7193ae877777ff51a,Paul Jeffrey Smith ,2003-12-18 21:41:45,FUNCTION,private,void,initComponents,"",107,DESIGN,116,116,"//        TODO when all the correct CellEditors are in place, remove this line"
10503437,PluginPropertyEditorPanel.java,src/java/org/apache/log4j/chainsaw/receivers/PluginPropertyEditorPanel.java,52991087d7eb4a160d14f7d7193ae877777ff51a,Paul Jeffrey Smith ,2003-12-18 21:41:45,FUNCTION,public private,void,setupListeners,PropertyChangeEvent evt ,123,t,2cd6937d8ca2245d854a4121ddcbab9c4cbb3db4,Paul Jeffrey Smith ,2003-12-19 03:21:36,src/java/org/apache/log4j/chainsaw/receivers/PluginPropertyEditorPanel.java,52991087d7eb4a160d14f7d7193ae877777ff51a,Paul Jeffrey Smith ,2003-12-18 21:41:45,FUNCTION,public private,void,setupListeners,PropertyChangeEvent evt ,123,DESIGN,138,138,// TODO handle else condition
10503438,PluginPropertyEditorPanel.java,src/java/org/apache/log4j/chainsaw/receivers/PluginPropertyEditorPanel.java,52991087d7eb4a160d14f7d7193ae877777ff51a,Paul Jeffrey Smith ,2003-12-18 21:41:45,FUNCTION,public static,void,main,String [] args ,145,t,0c831191c19467e54fa8f30e640d8e41e4e99328,Paul Jeffrey Smith ,2005-02-25 03:17:34,src/java/org/apache/log4j/chainsaw/receivers/PluginPropertyEditorPanel.java,5b2d19618aa31d0e1299397ef946bb1003f95282,Scott Deboy ,2004-11-21 07:01:27,FUNCTION,public static,void,main,String [] args ,131,DESIGN,171,171,// TODO: handle exception
10505232,DirectoryListTableModel.java,src/java/org/apache/log4j/chainsaw/vfs/DirectoryListTableModel.java,654f33b2f16afa399586d0c69e0d0fd1665656db,Paul Jeffrey Smith ,2004-05-20 03:58:08,FUNCTION,private,Object,formatFileSize,double size ,101,t,0c831191c19467e54fa8f30e640d8e41e4e99328,Paul Jeffrey Smith ,2005-02-25 03:17:34,src/java/org/apache/log4j/chainsaw/vfs/DirectoryListTableModel.java,698014826a4549b23726f0069aa754e7485ffbce,Jacob Kjome ,2004-11-29 01:33:27,FUNCTION,private,Object,formatFileSize,double size ,113,DESIGN,102,102,// TODO format should come from a preference model
10505252,DirectoryListTableModel.java,src/java/org/apache/log4j/chainsaw/vfs/DirectoryListTableModel.java,131bc4d7010ed8aef9af2aa03839f8852f3d704d,Paul Jeffrey Smith ,2004-05-21 04:23:23,FUNCTION,public,boolean,isSortable,int col ,213,t,0c831191c19467e54fa8f30e640d8e41e4e99328,Paul Jeffrey Smith ,2005-02-25 03:17:34,src/java/org/apache/log4j/chainsaw/vfs/DirectoryListTableModel.java,698014826a4549b23726f0069aa754e7485ffbce,Jacob Kjome ,2004-11-29 01:33:27,FUNCTION,public,boolean,isSortable,int col ,216,DESIGN,214,214,//        TODO should all columns be sorted?  I think so...
10505705,VFSNode.java,src/java/org/apache/log4j/chainsaw/vfs/VFSNode.java,e95b32c28f38b2b41972ae0eb1cbb23cbdccdba4,Paul Jeffrey Smith ,2004-05-19 00:11:08,FUNCTION,public,String,toString,"",27,t,0c831191c19467e54fa8f30e640d8e41e4e99328,Paul Jeffrey Smith ,2005-02-25 03:17:34,src/java/org/apache/log4j/chainsaw/vfs/VFSNode.java,e95b32c28f38b2b41972ae0eb1cbb23cbdccdba4,Paul Jeffrey Smith ,2004-05-19 00:11:08,FUNCTION,public,String,toString,"",27,DESIGN,28,28,"// TODO display name, but with Schema too"
10505820,LogEvent.java,src/java/org/apache/log4j/spi/LoggingEvent.java,b702f7145d3f660ac350ec862df9e8e913c1fffa,Ceki Gulcu ,2001-01-20 16:02:22,FUNCTION,private,void,writePriority,ObjectOutputStream oos ,187,t,2586dda3d3d2d78414119dd9c49a734ce1b5a8d2,Ceki Gulcu ,2001-01-22 10:57:29,src/java/org/apache/log4j/spi/LoggingEvent.java,b702f7145d3f660ac350ec862df9e8e913c1fffa,Ceki Gulcu ,2001-01-20 16:02:22,FUNCTION,private,void,writePriority,ObjectOutputStream oos ,187,DESIGN,195,197,"// writing the Class would be nicer, except that serialized // classed can not be read back by JDK 1.1.x. We have to resort // to this hack instead."
10505856,LogEvent.java,src/java/org/apache/log4j/spi/LoggingEvent.java,2586dda3d3d2d78414119dd9c49a734ce1b5a8d2,Ceki Gulcu ,2001-01-22 10:57:29,FUNCTION,private,void,writePriority,ObjectOutputStream oos ,232,f,,,,src/main/java/org/apache/log4j/pattern/LogEvent.java,95bd0fe7b9f2d37836d88d1c04aba0beeba8e921,Gary D. Gregory ,2014-02-11 13:21:15,FUNCTION,private,void,writeLevel,ObjectOutputStream oos ,478,DESIGN,240,242,"// writing directly the Class object would be nicer, except that // serialized a Class object can not be read back by JDK // 1.1.x. We have to resort to this hack instead."
10506860,LogEvent.java,src/java/org/apache/log4j/spi/LoggingEvent.java,21c50bd181a2b62ade54f2ab926b2da30bc23311,Ceki Gulcu ,2002-05-09 15:43:44,FUNCTION,private,void,readLevel,ObjectInputStream ois ,299,f,,,,src/main/java/org/apache/log4j/pattern/LogEvent.java,95bd0fe7b9f2d37836d88d1c04aba0beeba8e921,Gary D. Gregory ,2014-02-11 13:21:15,FUNCTION,private,void,readLevel,ObjectInputStream ois ,410,DESIGN,311,316,"// Note that we use Class.getDeclaredMethod instead of // Class.getMethod. This assumes that the Level subclass // implements the toLevel(int) method which is a // requirement. Actually, it does not make sense for Level // subclasses NOT to implement this method. Also note that // only Level can be subclassed and not Priority."
10512068,LogEvent.java,src/java/org/apache/log4j/spi/LoggingEvent.java,abbd9d3d8b7b16aa02f45679753c1e20886bc49f,Curtis William Arnold ,2006-01-24 03:50:12,FUNCTION,public,Object,getMDC,final String key ,548,t,612f6287fda8178626ba6625b257c790f65de5f8,Curtis William Arnold ,2007-08-11 04:10:11,src/main/java/org/apache/log4j/spi/LoggingEvent.java,719d93cd529c1f406668242393ff188d7ae77025,Curtis William Arnold ,2007-07-18 05:06:07,FUNCTION,public,Object,getMDC,final String key ,568,DESIGN,549,552,// //  could potentially return a LoggerRepository property value //     when there is not an MDC property value //     but the negative consequences should be minimal.
10513265,VFSPlugin.java,src/java/org/apache/log4j/chainsaw/vfs/VFSPlugin.java,e7a45e09af8c6312a340f607b1425453e5284d7d,Paul Jeffrey Smith ,2004-05-15 06:31:48,FUNCTION,private,void,determineSupportedFileSystems,"",66,t,82f3ef43d7678ac66d6218bbebe1f613b8f75f9a,Paul Jeffrey Smith ,2004-05-20 03:57:23,src/java/org/apache/log4j/chainsaw/vfs/VFSPlugin.java,b15088714356b450ae81f8faf51975f10b5eebb8,Paul Jeffrey Smith ,2004-05-19 06:12:46,FUNCTION,private,void,determineSupportedFileSystems,"",94,DESIGN,67,67,"//    TODO This seems really lame to have to do this, but there you go..."
10513296,VFSPlugin.java,src/java/org/apache/log4j/chainsaw/vfs/VFSPlugin.java,ae5a19796d81ba878d522fa09787980f9924636e,Paul Jeffrey Smith ,2004-05-20 23:13:50,FUNCTION,private,void,loadLocalFileSystem,"",97,t,e158902f9ab222b4ef4afc1fac5269d7f24fb1bd,Paul Jeffrey Smith ,2004-05-21 04:22:09,src/java/org/apache/log4j/chainsaw/vfs/VFSPlugin.java,ae5a19796d81ba878d522fa09787980f9924636e,Paul Jeffrey Smith ,2004-05-20 23:13:50,FUNCTION,private,void,loadLocalFileSystem,"",97,DESIGN,103,105,"// TODO replace this with an explicit call to pre-select the firs node in the tree, which // would then trigger the look for children //VFSUtils.lookForChildren(this.fileSystemTree.getTree(), node);"
10513303,VFSPlugin.java,src/java/org/apache/log4j/chainsaw/vfs/VFSPlugin.java,ae5a19796d81ba878d522fa09787980f9924636e,Paul Jeffrey Smith ,2004-05-20 23:13:50,FUNCTION,public,void,valueChanged,TreeSelectionEvent e ,152,t,0c831191c19467e54fa8f30e640d8e41e4e99328,Paul Jeffrey Smith ,2005-02-25 03:17:34,src/java/org/apache/log4j/chainsaw/vfs/VFSPlugin.java,698014826a4549b23726f0069aa754e7485ffbce,Jacob Kjome ,2004-11-29 01:33:27,FUNCTION,public,void,valueChanged,TreeSelectionEvent e ,297,DESIGN,163,165,"// TODO this method will NEVER remove the children and repopulates if the node already has // children, be nice to find out // whether VFS can help determine whether it should 'relook' for changes or something."
10513381,VFSPlugin.java,src/java/org/apache/log4j/chainsaw/vfs/VFSPlugin.java,a06357e45797002cb00c6c23590b20f68665c149,Paul Jeffrey Smith ,2004-05-22 08:06:35,FUNCTION,private,void,initMenus,"",212,t,0c831191c19467e54fa8f30e640d8e41e4e99328,Paul Jeffrey Smith ,2005-02-25 03:17:34,src/java/org/apache/log4j/chainsaw/vfs/VFSPlugin.java,698014826a4549b23726f0069aa754e7485ffbce,Jacob Kjome ,2004-11-29 01:33:27,FUNCTION,private,void,initMenus,"",212,DESIGN,221,224,//        TODO Work out WTF is going on with this PopupListener not being // picked up.... //        TODO Work out WTF is going on with the split pane and the setVisible // like it used to do in LogPanel
10513548,VFSPluginPreferenceModel.java,src/java/org/apache/log4j/chainsaw/vfs/VFSPluginPreferenceModel.java,83789080afce360d9e7735445cfd0cd1dc2ca54f,Paul Jeffrey Smith ,2004-05-22 08:02:36,"","","","","",0,t,0c831191c19467e54fa8f30e640d8e41e4e99328,Paul Jeffrey Smith ,2005-02-25 03:17:34,src/java/org/apache/log4j/chainsaw/vfs/VFSPluginPreferenceModel.java,a7a7df44a834221f7cac6dc85d48d94cf5a97dac,Paul Jeffrey Smith ,2004-05-22 08:08:18,"","","","","",0,DESIGN,9,10,"//    TODO other ideas for preview preferences : ""Auto Preview"" and ""No Auto Preview if size > X"" //    Some of these preferences might need to be VFS Repository specific"
10513760,DBAppender2.java,src/java/org/apache/log4j/db/DBAppender2.java,ce1a5b525e7b67ab216b383b66e3f32372cc0f69,Ceki Gulcu ,2004-05-26 15:36:18,FUNCTION,"",void,fillEventIDArray,"Connection connection, Statement insertStatement ",201,t,d0edd1a0f5acc79749f07445528b5366c380cfcc,Curtis William Arnold ,2005-02-11 23:14:35,src/java/org/apache/log4j/db/DBAppender2.java,b57664eedb4fcb798910b31cf7986e185f0c1cc9,Ceki Gulcu ,2005-01-04 12:51:20,FUNCTION,"",void,fillEventIDArray,"Connection connection, Statement insertStatement ",195,DESIGN,218,219,// TODO CG better errorHandling code here // no point in continuing
10514147,LoggerFactory.java,src/java/org/apache/ugli/LoggerFactory.java,2029de5a9357d7ca66c3ebee96058451cc4b0795,Ceki Gulcu ,2004-12-30 20:44:50,"","","","","",0,t,b2e9427940645275b0d16ddfce116d180ababb0e,Ceki Gulcu ,2005-02-10 12:19:19,src/java/org/apache/ugli/LoggerFactory.java,d930d86f99631afd6f2f7653354d90dc0ca12c24,Ceki Gulcu ,2004-12-31 15:18:58,"","","","","",0,DESIGN,70,70,// TODO consider falling back on something more meaningful
10517799,SlidingWindowRollingPolicy.java,src/java/org/apache/log4j/rolling/SlidingWindowRollingPolicy.java,2046d0782fcec9b8c00f96f8bb6f4364239cf42e,Ceki Gulcu ,2003-05-14 18:20:28,FUNCTION,public,void,rollover,File f ,80,t,579d6f525526f317fa3cccd4bf8cbf11e8023361,Ceki Gulcu ,2003-05-19 13:50:10,src/java/org/apache/log4j/rolling/SlidingWindowRollingPolicy.java,abb0a73e829f759efc325177b534aa6b5e746b1d,Ceki Gulcu ,2003-05-19 12:19:37,FUNCTION,public,void,rollover,"",81,DESIGN,98,99,//move active file name to min // TODO: compress the currently active file into minIndex
10517801,SlidingWindowRollingPolicy.java,src/java/org/apache/log4j/rolling/SlidingWindowRollingPolicy.java,2046d0782fcec9b8c00f96f8bb6f4364239cf42e,Ceki Gulcu ,2003-05-14 18:20:28,FUNCTION,public,void,rollover,File f ,80,t,abb0a73e829f759efc325177b534aa6b5e746b1d,Ceki Gulcu ,2003-05-19 12:19:37,src/java/org/apache/log4j/rolling/SlidingWindowRollingPolicy.java,12333c9f2eeddb0dbd34c24a21fee4e70b60d514,Ceki Gulcu ,2003-05-17 14:30:03,FUNCTION,public,void,rollover,"",80,DESIGN,102,102,// TODO: compress the currently active file (minIndex) into minIndex+1
10517821,SlidingWindowRollingPolicy.java,src/java/org/apache/log4j/rolling/SlidingWindowRollingPolicy.java,abb0a73e829f759efc325177b534aa6b5e746b1d,Ceki Gulcu ,2003-05-19 12:19:37,FUNCTION,public,void,rollover,"",81,t,579d6f525526f317fa3cccd4bf8cbf11e8023361,Ceki Gulcu ,2003-05-19 13:50:10,src/java/org/apache/log4j/rolling/SlidingWindowRollingPolicy.java,abb0a73e829f759efc325177b534aa6b5e746b1d,Ceki Gulcu ,2003-05-19 12:19:37,FUNCTION,public,void,rollover,"",81,DESIGN,103,106,"// TODO: compress the currently active file (minIndex) into minIndex+1 //Util.rename( //fileNamePattern.convert(minIndex), //fileNamePattern.convert(minIndex + 1));"
10517884,SlidingWindowRollingPolicy.java,src/java/org/apache/log4j/rolling/SlidingWindowRollingPolicy.java,559f0829327009ee2d5172011d18056827ff8f62,Ceki Gulcu ,2004-11-23 16:30:14,FUNCTION,public,String,getActiveFileName,"",114,t,e6d0c5a232e2d63de06f5b588cf7c1837141b78a,Ceki Gulcu ,2004-12-08 15:33:23,src/java/org/apache/log4j/rolling/SlidingWindowRollingPolicy.java,8a1825f5b7d01f2d4ebc198a342ac78b267fa2ff,Ceki Gulcu ,2004-11-25 19:06:27,FUNCTION,public,String,getActiveFileName,"",109,DESIGN,115,115,// TODO This is clearly bogus.
10521561,LoggingEvent.java,src/java/org/apache/log4j/spi/LoggingEvent.java,b702f7145d3f660ac350ec862df9e8e913c1fffa,Ceki Gulcu ,2001-01-20 16:02:22,FUNCTION,private,void,writePriority,ObjectOutputStream oos ,187,t,2586dda3d3d2d78414119dd9c49a734ce1b5a8d2,Ceki Gulcu ,2001-01-22 10:57:29,src/java/org/apache/log4j/spi/LoggingEvent.java,b702f7145d3f660ac350ec862df9e8e913c1fffa,Ceki Gulcu ,2001-01-20 16:02:22,FUNCTION,private,void,writePriority,ObjectOutputStream oos ,187,DESIGN,195,197,"// writing the Class would be nicer, except that serialized // classed can not be read back by JDK 1.1.x. We have to resort // to this hack instead."
10521597,LoggingEvent.java,src/java/org/apache/log4j/spi/LoggingEvent.java,2586dda3d3d2d78414119dd9c49a734ce1b5a8d2,Ceki Gulcu ,2001-01-22 10:57:29,FUNCTION,private,void,writePriority,ObjectOutputStream oos ,232,f,,,,src/main/java/org/apache/log4j/spi/LoggingEvent.java,95bd0fe7b9f2d37836d88d1c04aba0beeba8e921,Gary D. Gregory ,2014-02-11 13:21:15,FUNCTION,private,void,writeLevel,ObjectOutputStream oos ,500,DESIGN,240,242,"// writing directly the Class object would be nicer, except that // serialized a Class object can not be read back by JDK // 1.1.x. We have to resort to this hack instead."
10522601,LoggingEvent.java,src/java/org/apache/log4j/spi/LoggingEvent.java,21c50bd181a2b62ade54f2ab926b2da30bc23311,Ceki Gulcu ,2002-05-09 15:43:44,FUNCTION,private,void,readLevel,ObjectInputStream ois ,299,f,,,,src/main/java/org/apache/log4j/spi/LoggingEvent.java,95bd0fe7b9f2d37836d88d1c04aba0beeba8e921,Gary D. Gregory ,2014-02-11 13:21:15,FUNCTION,private,void,readLevel,ObjectInputStream ois ,420,DESIGN,311,316,"// Note that we use Class.getDeclaredMethod instead of // Class.getMethod. This assumes that the Level subclass // implements the toLevel(int) method which is a // requirement. Actually, it does not make sense for Level // subclasses NOT to implement this method. Also note that // only Level can be subclassed and not Priority."
10527809,LoggingEvent.java,src/java/org/apache/log4j/spi/LoggingEvent.java,abbd9d3d8b7b16aa02f45679753c1e20886bc49f,Curtis William Arnold ,2006-01-24 03:50:12,FUNCTION,public,Object,getMDC,final String key ,548,t,612f6287fda8178626ba6625b257c790f65de5f8,Curtis William Arnold ,2007-08-11 04:10:11,src/main/java/org/apache/log4j/spi/LoggingEvent.java,719d93cd529c1f406668242393ff188d7ae77025,Curtis William Arnold ,2007-07-18 05:06:07,FUNCTION,public,Object,getMDC,final String key ,568,DESIGN,549,552,// //  could potentially return a LoggerRepository property value //     when there is not an MDC property value //     but the negative consequences should be minimal.
10530275,FilteredLogTableModel.java,src/java/org/apache/log4j/lf5/viewer/FilteredLogTableModel.java,092e79cd773f99af3a934f93d4c1841889e3f168,Ceki Gulcu ,2002-04-26 15:48:44,"","","","","",0,t,eddf09c6b65dc0f075da20eaac99e8416caeb646,Ceki Gulcu ,2004-11-02 14:31:55,src/java/org/apache/log4j/lf5/viewer/FilteredLogTableModel.java,092e79cd773f99af3a934f93d4c1841889e3f168,Ceki Gulcu ,2002-04-26 15:48:44,"","","","","",0,DESIGN,211,213,"// We don't want the amount of rows to grow without bound, // leading to a out-of-memory-exception.  Especially not good // in a production environment :)"
10531870,LogTable.java,src/java/org/apache/log4j/lf5/viewer/LogTable.java,092e79cd773f99af3a934f93d4c1841889e3f168,Ceki Gulcu ,2002-04-26 15:48:44,FUNCTION,public,void,setDetailedView,"",127,t,eddf09c6b65dc0f075da20eaac99e8416caeb646,Ceki Gulcu ,2004-11-02 14:31:55,src/java/org/apache/log4j/lf5/viewer/LogTable.java,092e79cd773f99af3a934f93d4c1841889e3f168,Ceki Gulcu ,2002-04-26 15:48:44,FUNCTION,public,void,setDetailedView,"",127,DESIGN,128,128,//TODO: Defineable Views.
10532418,DOMConfigurator.java,src/java/org/apache/log4j/xml/DOMConfigurator.java,d5d9779ebba5f8bb25a2d1cf1df0312153e1f955,Ceki Gulcu ,2000-12-19 13:14:10,FUNCTION,protected,Appender,findAppenderByReference,Element appenderRef ,101,f,,,,src/main/java/org/apache/log4j/xml/DOMConfigurator.java,95bd0fe7b9f2d37836d88d1c04aba0beeba8e921,Gary D. Gregory ,2014-02-11 13:21:15,FUNCTION,protected,Appender,findAppenderByName,"Document doc, String appenderName ",149,DESIGN,112,112,// Endre's hack:
10532419,DOMConfigurator.java,src/java/org/apache/log4j/xml/DOMConfigurator.java,d5d9779ebba5f8bb25a2d1cf1df0312153e1f955,Ceki Gulcu ,2000-12-19 13:14:10,FUNCTION,protected,Appender,findAppenderByReference,Element appenderRef ,101,f,,,,src/main/java/org/apache/log4j/xml/DOMConfigurator.java,95bd0fe7b9f2d37836d88d1c04aba0beeba8e921,Gary D. Gregory ,2014-02-11 13:21:15,FUNCTION,protected,Appender,findAppenderByName,"Document doc, String appenderName ",149,DESIGN,124,124,// Hack finished.
10535546,DOMConfigurator.java,src/java/org/apache/log4j/xml/DOMConfigurator.java,75b7ee81d5490aeb1104707c39e4d4d89491cd78,Ceki Gulcu ,2003-06-03 18:44:18,FUNCTION,protected,Appender,findAppenderByName,"Document doc, String appenderName ",157,t,2816a0b6f858c8bd56a6f0556c0d3573e7bf7262,Ceki Gulcu ,2005-01-06 19:27:04,src/java/org/apache/log4j/xml/DOMConfigurator.java,8128cd4763152944b6c4a2e8e0a1859aa969b79b,Ceki Gulcu ,2005-01-06 17:03:12,FUNCTION,protected,Appender,findAppenderByName,"Document doc, String appenderName ",122,DESIGN,163,165,// Doesn't work on DOM Level 1 : // Element element = doc.getElementById(appenderName); // Endre's hack:
10542573,Start.java,src/java/org/apache/log4j/chainsaw/Start.java,54e0894a235cf32342eb9ccc6776b3172c67a65c,oburn ,2003-03-10 10:24:12,"","","","","",0,t,e932b0f81efea5a6372513e317a4e753c8335ed2,Paul Jeffrey Smith ,2003-06-25 04:05:24,src/java/org/apache/log4j/chainsaw/Start.java,13fa21f316749bf4f916ea35ad62fd4da78852f7,Ceki Gulcu ,2003-03-18 13:33:33,"","","","","",0,DESIGN,90,90,// TODO: add any more stategies
10543248,ColorFilter.java,src/java/org/apache/log4j/chainsaw/ColorFilter.java,1672b02eb269209e396ac6db0d5f8cb5454397b7,Paul Jeffrey Smith ,2003-09-03 05:47:27,FUNCTION,public synchronized,Color,getColor,"List columnNames, LoggingEvent event ",152,t,ac9e0003d5766df2f9f5b4052e3dd968911bd4fc,Scott Deboy ,2003-12-08 06:00:21,src/java/org/apache/log4j/chainsaw/ColorFilter.java,3fd8fbc941ca5c9a9c2cc62361516784b54ff72d,Paul Jeffrey Smith ,2003-09-09 03:03:32,FUNCTION,public synchronized,Color,getColor,"List columnNames, LoggingEvent event ",155,DESIGN,156,158,//    TODO this is broken while the change from Vectors -> LoggingEvents occurs //    Iterator iter = filters.iterator(); //
10543374,XMLFileHandler.java,src/java/org/apache/log4j/chainsaw/XMLFileHandler.java,587e14ed6c4ffd37b73773e1abfdce5a2c75fe7e,oburn ,2002-03-23 07:51:26,FUNCTION,public,void,endElement,"String aNamespaceURI, String aLocalName, String aQName ",97,t,3b8592f75e673c39e84fd96ed991976a76234740,oburn ,2002-05-25 12:38:02,src/java/org/apache/log4j/chainsaw/XMLFileHandler.java,2150b43b6b6dc27cdeae47c7a0022eac889f7e5b,oburn ,2002-05-02 11:25:49,FUNCTION,public,void,endElement,"String aNamespaceURI, String aLocalName, String aQName ",97,DESIGN,105,105,// hack - but only thing I care about
10549174,SocketAppenderTest.java,src/java/org/apache/log4j/test/Shallow.java,4e7121c85b7353a8dff17f7669c270ad963763a6,Ceki Gulcu ,2000-12-14 09:16:58,FUNCTION,static,void,test,"",49,t,09bc0dcbccc3225cfadc2ca0024b4015ed8f684e,Ceki Gulcu ,2001-03-21 20:52:14,src/java/org/apache/log4j/test/Shallow.java,be2ce23479bb3da85a14482d81443217f1bf3d6e,Ceki Gulcu ,2001-01-18 17:25:35,FUNCTION,static,void,test,"",51,DESIGN,87,88,// It is always a good idea to call this method when exiting an // application.
10550618,CustomCategoryTest.java,src/java/org/apache/log4j/test/Shallow.java,4e7121c85b7353a8dff17f7669c270ad963763a6,Ceki Gulcu ,2000-12-14 09:16:58,FUNCTION,static,void,test,"",49,t,c5619e90f1e3147c57566713b8f9b0ae02d05e74,Ceki Gulcu ,2002-02-18 16:29:44,src/java/org/apache/log4j/test/CustomCategoryTest.java,5effc7da57ace6080eb78f33d5c22ed7af09ae02,Ceki Gulcu ,2001-09-25 10:06:36,FUNCTION,static,void,test,"",56,DESIGN,87,88,// It is always a good idea to call this method when exiting an // application.
10550750,TextPaneAppender.java,src/java/org/apache/log4j/gui/TextPaneAppender.java,947517357402f5ff3800d18c8106c52533c91e09,Ceki Gulcu ,2000-12-14 09:35:59,FUNCTION,public,void,append,LoggingEvent event ,143,t,1bd2457e52fc19f621a7d577fe896bfb98561004,Ceki Gulcu ,2001-03-28 16:41:21,src/java/org/apache/log4j/gui/TextPaneAppender.java,3b3a3c2e3d12185cc35039a758a4940b91a74ee0,Anders Kristensen ,2001-03-19 12:38:22,FUNCTION,public,void,append,LoggingEvent event ,146,DESIGN,146,147,// Print Stacktrace // Quick Hack maybe there is a better/faster way?
10555089,CachedDateFormatTest.java,tests/src/java/org/apache/log4j/pattern/CachedDateFormatTest.java,17fa629e45d0dcd55b81edb34286e8c675a0bfd4,Curtis William Arnold ,2004-12-24 09:08:51,FUNCTION,public,void,test17,"",367,f,,,,tests/src/java/org/apache/log4j/pattern/CachedDateFormatTest.java,9de98b292a27632b5ca9908c933101ef7ea4a1ec,Curtis William Arnold ,2010-03-27 06:10:02,FUNCTION,public,void,test17,"",365,DESIGN,378,381,"// //  TODO: why is this returning ,120 ... , 120 // //assertEquals(""00:00:00,120 00:00:00,000"", s) ;"
10559632,XMLFileHandler.java,src/java/org/apache/log4j/chainsaw/XMLFileHandler.java,587e14ed6c4ffd37b73773e1abfdce5a2c75fe7e,oburn ,2002-03-23 07:51:26,FUNCTION,public,void,endElement,"String aNamespaceURI, String aLocalName, String aQName ",97,t,3b8592f75e673c39e84fd96ed991976a76234740,oburn ,2002-05-25 12:38:02,src/java/org/apache/log4j/chainsaw/XMLFileHandler.java,2150b43b6b6dc27cdeae47c7a0022eac889f7e5b,oburn ,2002-05-02 11:25:49,FUNCTION,public,void,endElement,"String aNamespaceURI, String aLocalName, String aQName ",97,DESIGN,105,105,// hack - but only thing I care about
10563588,FilteredLogTableModel.java,src/java/org/apache/log4j/lf5/viewer/FilteredLogTableModel.java,092e79cd773f99af3a934f93d4c1841889e3f168,Ceki Gulcu ,2002-04-26 15:48:44,"","","","","",0,t,697be9a5b21445cf658e8a39c1178474c467a175,Christian Grobmeier ,2012-05-30 05:18:35,src/main/java/org/apache/log4j/lf5/viewer/FilteredLogTableModel.java,8d15fcd9068d1e762b488bfc0d6fec3f0e6671fe,Curtis William Arnold ,2007-05-14 19:48:30,"","","","","",0,DESIGN,211,213,"// We don't want the amount of rows to grow without bound, // leading to a out-of-memory-exception.  Especially not good // in a production environment :)"
10566102,LogTable.java,src/java/org/apache/log4j/lf5/viewer/LogTable.java,092e79cd773f99af3a934f93d4c1841889e3f168,Ceki Gulcu ,2002-04-26 15:48:44,FUNCTION,public,void,setDetailedView,"",127,t,697be9a5b21445cf658e8a39c1178474c467a175,Christian Grobmeier ,2012-05-30 05:18:35,src/main/java/org/apache/log4j/lf5/viewer/LogTable.java,eb94ecb378be47166e3ef8cb4ca9e134600af442,Curtis William Arnold ,2009-10-11 20:58:26,FUNCTION,public,void,setDetailedView,"",142,DESIGN,128,128,//TODO: Defineable Views.
10568103,TextPanelAppender.java,contribs/JamesHouse/TextPanelAppender.java,5095ca00abeb4c0dc66967f3baa1563734ea4d94,Ceki Gulcu ,2001-02-14 17:47:01,FUNCTION,public,void,append,LoggingEvent event ,63,f,,,,contribs/JamesHouse/TextPanelAppender.java,e4bb5e96052e534613fcd43f74efba6e12339d32,Curtis William Arnold ,2007-02-23 17:48:53,FUNCTION,public,void,append,LoggingEvent event ,79,DESIGN,67,68,// Print Stacktrace // Quick Hack maybe there is a better/faster way?
10570182,DatagramStringWriter.java,contribs/KitchingSimon/DatagramStringWriter.java,5095ca00abeb4c0dc66967f3baa1563734ea4d94,Ceki Gulcu ,2001-02-14 17:47:01,FUNCTION,public,void,write,String string ,104,f,,,,contribs/KitchingSimon/DatagramStringWriter.java,e4bb5e96052e534613fcd43f74efba6e12339d32,Curtis William Arnold ,2007-02-23 17:48:53,FUNCTION,public,void,write,String string ,113,DESIGN,117,120,"// convert to specified encoding - which may be sequence of // 8-bit chars, or multi-byte encodings like UTF-8 or UTF-16. // The receiving end had better be expecting whatever encoding // is used here on the sending end!"
10570667,TempFileAppender.java,contribs/LeosLiterak/TempFileAppender.java,dc0124d2cb6e285149532d4e9a57c157f5032270,Ceki Gulcu ,2001-04-20 17:38:32,FUNCTION,protected,void,subAppend,LoggingEvent event ,149,f,,,,contribs/LeosLiterak/TempFileAppender.java,e4bb5e96052e534613fcd43f74efba6e12339d32,Curtis William Arnold ,2007-02-23 17:48:53,FUNCTION,protected,void,subAppend,LoggingEvent event ,165,DESIGN,155,155,/* this Appender is not supposed to be used for logging of Exceptions */
10572232,TextPaneAppender.java,contribs/SvenReimers/gui/TextPaneAppender.java,947517357402f5ff3800d18c8106c52533c91e09,Ceki Gulcu ,2000-12-14 09:35:59,FUNCTION,public,void,append,LoggingEvent event ,143,f,,,,contribs/SvenReimers/gui/TextPaneAppender.java,e4bb5e96052e534613fcd43f74efba6e12339d32,Curtis William Arnold ,2007-02-23 17:48:53,FUNCTION,public,void,append,LoggingEvent event ,156,DESIGN,146,147,// Print Stacktrace // Quick Hack maybe there is a better/faster way?
10572441,ConcurrentAppender.java,src/java/org/apache/log4j/concurrent/ConcurrentAppender.java,3d30346f59a79ced396bbcaf6acb3624a7cb27ad,Curtis William Arnold ,2006-07-27 13:37:06,FUNCTION,public final,void,doAppend,LoggingEvent event ,181,t,719d93cd529c1f406668242393ff188d7ae77025,Curtis William Arnold ,2007-07-18 05:06:07,src/java/org/apache/log4j/concurrent/ConcurrentAppender.java,94eff9a041300970516ea866f8f0420d1cc75355,Elias Nathan Ross ,2007-01-26 05:44:59,FUNCTION,public final,void,doAppend,LoggingEvent event ,184,DESIGN,189,191,// Prevent concurrent re-entry by this thread // (There might be a cheaper way to do this) // (Or maybe this lock is not necessary)
10572599,IntializationUtil.java,src/java/org/apache/log4j/helpers/IntializationUtil.java,3605f1464cd0ddde0bca8aa270fbe6e6e63edaaa,Ceki Gulcu ,2004-11-16 20:29:44,FUNCTION,public static,void,log4jInternalConfiguration,LoggerRepository repository ,37,t,719d93cd529c1f406668242393ff188d7ae77025,Curtis William Arnold ,2007-07-18 05:06:07,src/java/org/apache/log4j/helpers/IntializationUtil.java,c23b6c602d21d74d9b03a9cf97a2385e78e9a027,Curtis William Arnold ,2006-01-02 05:10:42,FUNCTION,public static,void,log4jInternalConfiguration,LoggerRepository repository ,35,DESIGN,38,39,// This method does not do anoything currently. It might become useful // when sub-domains are added to log4j.
10572974,JoranConfigurator.java,src/java/org/apache/log4j/joran/JoranConfigurator.java,3605f1464cd0ddde0bca8aa270fbe6e6e63edaaa,Ceki Gulcu ,2004-11-16 20:29:44,FUNCTION,protected,void,detachListAppender,LoggerRepository repository ,252,t,5ce8c4d34da5f4ff1dff4092589833e8fa6c56a9,Ceki Gulcu ,2004-11-17 17:39:04,src/java/org/apache/log4j/joran/JoranConfigurator.java,3605f1464cd0ddde0bca8aa270fbe6e6e63edaaa,Ceki Gulcu ,2004-11-16 20:29:44,FUNCTION,protected,void,detachListAppender,LoggerRepository repository ,252,DESIGN,256,258,// FIXME: What happens if the users wanted to set the additivity flag // to false in the config file? We are now potentially overriding her  // wishes but I don't see any other way.
10573458,MulticastAppender.java,src/java/org/apache/log4j/net/MulticastAppender.java,ad3450477a77a963b46c8c563e7c857e85a994ce,Paul Jeffrey Smith ,2003-06-24 08:24:57,FUNCTION,public,boolean,isActive,"",363,t,719d93cd529c1f406668242393ff188d7ae77025,Curtis William Arnold ,2007-07-18 05:06:07,src/java/org/apache/log4j/net/MulticastAppender.java,696ca5278150b8ca6ae726c36e477e3e819280e5,Curtis William Arnold ,2007-04-11 06:04:46,FUNCTION,public,boolean,isActive,"",296,DESIGN,364,364,// TODO handle active/inactive
10574371,UDPAppender.java,src/java/org/apache/log4j/net/UDPAppender.java,ad3450477a77a963b46c8c563e7c857e85a994ce,Paul Jeffrey Smith ,2003-06-24 08:24:57,FUNCTION,public,boolean,isActive,"",415,t,a18b74108260ddfa7ca6e13ce8400dcbfe29b68a,Ceki Gulcu ,2004-05-27 14:17:17,src/java/org/apache/log4j/net/UDPAppender.java,e7ec8973dc4c7618cd9dab379e2a5426a1292e40,Ceki Gulcu ,2004-05-27 12:16:58,FUNCTION,public,boolean,isActive,"",400,DESIGN,416,416,// TODO handle active/inactive
10576607,FileAppender.java,src/java/org/apache/log4j/FileAppender.java,4649eee6fc9a5efa1253be942d21a239b2a71227,Ceki Gulcu ,2001-02-20 08:05:12,FUNCTION,protected,void,closeFile,"",170,t,ebc274ee0733441ed2acb2a401c059020e7fe1b3,Ceki Gulcu ,2001-08-14 21:00:34,src/java/org/apache/log4j/FileAppender.java,db451258c9d7f8724d6543c8c02b786b6abdee79,Ceki Gulcu ,2001-08-13 15:12:10,FUNCTION,protected,void,closeFile,"",219,DESIGN,171,171,// FIXME (remove qwIsOurs)
10578747,DBAppender.java,src/java/org/apache/log4j/db/DBAppender.java,db66be54dea271c9ecfd6f6426f7229fe9f2aeba,Ceki Gulcu ,2004-05-04 09:36:03,FUNCTION,public,void,close,"",133,t,1cd511911f8ee040913c26e6b130791eb635a65f,Ceki Gulcu ,2004-05-24 16:14:34,src/java/org/apache/log4j/db/DBAppender.java,130b3181d10b8f89ee785ff0a0e608b9c3001ca3,Ceki Gulcu ,2004-05-21 18:45:07,FUNCTION,public,void,close,"",223,DESIGN,134,134,// TODO Auto-generated method st  
10581983,StackTraceElementExtractor.java,src/java/org/apache/log4j/spi/location/StackTraceElementExtractor.java,31836fb3952ef3022b72bf346adea8164473c5e3,Ceki Gulcu ,2004-09-07 18:58:42,FUNCTION,static,void,setClassName,"LocationInfo li, Object location ",92,t,ff26b789d2f1613c5180772dd9fa3efc420a7547,Ceki Gulcu ,2004-11-20 11:27:19,src/java/org/apache/log4j/spi/location/StackTraceElementExtractor.java,31836fb3952ef3022b72bf346adea8164473c5e3,Ceki Gulcu ,2004-09-07 18:58:42,FUNCTION,static,void,setClassName,"LocationInfo li, Object location ",92,DESIGN,96,96,"// this should work, shouldn't it?"
10582847,DBReceiver.java,src/java/org/apache/log4j/db/DBReceiver.java,42f1290ae7de2687560d1f850fd8dc21eb09d7f2,Ceki Gulcu ,2004-05-10 19:38:58,FUNCTION,public,void,execute,"",110,t,130b3181d10b8f89ee785ff0a0e608b9c3001ca3,Ceki Gulcu ,2004-05-21 18:45:07,src/java/org/apache/log4j/db/DBReceiver.java,d3e24380fcf1c3da74989bda23aa8a0afa0092a3,Ceki Gulcu ,2004-05-21 16:13:43,FUNCTION,public,void,execute,"",134,DESIGN,135,135,// TODO CG The conversion of levelStr should be more general
10585337,DBReceiverJob.java,src/java/org/apache/log4j/db/DBReceiverJob.java,130b3181d10b8f89ee785ff0a0e608b9c3001ca3,Ceki Gulcu ,2004-05-21 18:45:07,FUNCTION,public,void,execute,"",50,t,719d93cd529c1f406668242393ff188d7ae77025,Curtis William Arnold ,2007-07-18 05:06:07,src/java/org/apache/log4j/db/DBReceiverJob.java,696ca5278150b8ca6ae726c36e477e3e819280e5,Curtis William Arnold ,2007-04-11 06:04:46,FUNCTION,public,void,execute,"",65,DESIGN,96,96,// TODO CG The conversion of levelStr should be more general
10587578,WriterPreferenceReadWriteLock.java,src/java/org/apache/log4j/concurrent/WriterPreferenceReadWriteLock.java,94eff9a041300970516ea866f8f0420d1cc75355,Elias Nathan Ross ,2007-01-26 05:44:59,FUNCTION,protected synchronized,boolean,startReadFromNewReader,"",90,t,719d93cd529c1f406668242393ff188d7ae77025,Curtis William Arnold ,2007-07-18 05:06:07,src/java/org/apache/log4j/concurrent/WriterPreferenceReadWriteLock.java,94eff9a041300970516ea866f8f0420d1cc75355,Elias Nathan Ross ,2007-01-26 05:44:59,FUNCTION,protected synchronized,boolean,startReadFromNewReader,"",90,DESIGN,83,89,"/* 
     Each of these variants is needed to maintain atomicity
     of wait counts during wait loops. They could be
     made faster by manually inlining each other. We hope that
     compilers do this for us though.
  */"
10587583,WriterPreferenceReadWriteLock.java,src/java/org/apache/log4j/concurrent/WriterPreferenceReadWriteLock.java,94eff9a041300970516ea866f8f0420d1cc75355,Elias Nathan Ross ,2007-01-26 05:44:59,FUNCTION,public,void,acquire,"",156,t,719d93cd529c1f406668242393ff188d7ae77025,Curtis William Arnold ,2007-07-18 05:06:07,src/java/org/apache/log4j/concurrent/WriterPreferenceReadWriteLock.java,94eff9a041300970516ea866f8f0420d1cc75355,Elias Nathan Ross ,2007-01-26 05:44:59,FUNCTION,public,void,acquire,"",156,DESIGN,176,178,"// fall through outside synch on interrupt. // This notification is not really needed here,  //   but may be in plausible subclasses"
10589515,DOMConfigurator.java,src/java/org/apache/log4j/xml/DOMConfigurator.java,d5d9779ebba5f8bb25a2d1cf1df0312153e1f955,Ceki Gulcu ,2000-12-19 13:14:10,FUNCTION,protected,Appender,findAppenderByReference,Element appenderRef ,101,t,8d15fcd9068d1e762b488bfc0d6fec3f0e6671fe,Curtis William Arnold ,2007-05-14 19:48:30,src/java/org/apache/log4j/xml/DOMConfigurator.java,e6aade6f7feefd92fbdce88df52f5c0f47387c34,Curtis William Arnold ,2007-04-27 19:53:38,FUNCTION,protected,Appender,findAppenderByName,"Document doc, String appenderName ",143,DESIGN,112,112,// Endre's hack:
10589516,DOMConfigurator.java,src/java/org/apache/log4j/xml/DOMConfigurator.java,d5d9779ebba5f8bb25a2d1cf1df0312153e1f955,Ceki Gulcu ,2000-12-19 13:14:10,FUNCTION,protected,Appender,findAppenderByReference,Element appenderRef ,101,t,8d15fcd9068d1e762b488bfc0d6fec3f0e6671fe,Curtis William Arnold ,2007-05-14 19:48:30,src/java/org/apache/log4j/xml/DOMConfigurator.java,e6aade6f7feefd92fbdce88df52f5c0f47387c34,Curtis William Arnold ,2007-04-27 19:53:38,FUNCTION,protected,Appender,findAppenderByName,"Document doc, String appenderName ",143,DESIGN,124,124,// Hack finished.
10593885,FileAppender.java,src/java/org/apache/log4j/FileAppender.java,4649eee6fc9a5efa1253be942d21a239b2a71227,Ceki Gulcu ,2001-02-20 08:05:12,FUNCTION,protected,void,closeFile,"",170,t,ebc274ee0733441ed2acb2a401c059020e7fe1b3,Ceki Gulcu ,2001-08-14 21:00:34,src/java/org/apache/log4j/FileAppender.java,db451258c9d7f8724d6543c8c02b786b6abdee79,Ceki Gulcu ,2001-08-13 15:12:10,FUNCTION,protected,void,closeFile,"",219,DESIGN,171,171,// FIXME (remove qwIsOurs)
10595275,FixedWindowRollingPolicy.java,src/java/org/apache/log4j/rolling/FixedWindowRollingPolicy.java,e6d0c5a232e2d63de06f5b588cf7c1837141b78a,Ceki Gulcu ,2004-12-08 15:33:23,FUNCTION,public,String,getActiveFileName,"",152,t,0cf5cda0dc3b4560a71807fcbd80bade1e2c40a8,Curtis William Arnold ,2005-05-23 23:51:01,src/java/org/apache/log4j/rolling/FixedWindowRollingPolicy.java,532c5ca2102386382f099e4920e93ec9f29f49bb,Curtis William Arnold ,2005-05-22 07:57:07,FUNCTION,public,String,getActiveFileName,"",182,DESIGN,153,153,// TODO This is clearly bogus.
10595845,HTMLLayout.java,src/java/org/apache/log4j/HTMLLayout.java,b47560410ce7c66fb139031057ad594dfcba04f2,pathos ,2001-04-29 13:48:59,FUNCTION,private,String,escapeHTMLTags,String input ,297,t,dc4f1e77bef3185fffaf264a005f744e38696ae1,Ceki Gulcu ,2002-04-25 21:18:15,src/java/org/apache/log4j/HTMLLayout.java,a97e7224ded6c3f94fccd4d3670b1f46af539705,oburn ,2002-04-24 01:16:14,FUNCTION,private,String,escapeHTMLTags,String input ,259,DESIGN,305,306,//Use a StringBuffer in lieu of String concatenation -- it is //much more efficient this way.
10603042,LoggerFactory.java,src/filtered-java/org/apache/ugli/LoggerFactory.java,a365a3fb0478feccc67ea7dd8032e02089985505,Ceki Gulcu ,2005-02-09 21:33:17,"","","","","",0,t,43bc1221f3fb270c0ceacfcd28d0e550e62d510b,Ceki Gulcu ,2005-02-10 12:09:48,src/filtered-java/org/apache/ugli/LoggerFactory.java,a365a3fb0478feccc67ea7dd8032e02089985505,Ceki Gulcu ,2005-02-09 21:33:17,"","","","","",0,DESIGN,52,52,// TODO consider falling back on something more meaningful
10604399,SocketHubAppender.java,src/java/org/apache/log4j/net/SocketHubAppender.java,1a29e3ec91205f488d5ad379ecf61282a520bb2c,Ceki Gulcu ,2002-03-25 22:05:36,FUNCTION,public,void,append,LoggingEvent event ,168,t,8d15fcd9068d1e762b488bfc0d6fec3f0e6671fe,Curtis William Arnold ,2007-05-14 19:48:30,src/java/org/apache/log4j/net/SocketHubAppender.java,e4bb5e96052e534613fcd43f74efba6e12339d32,Curtis William Arnold ,2007-02-23 17:48:53,FUNCTION,public,void,append,LoggingEvent event ,181,DESIGN,186,188,"// catch this, but just don't assign a value // this should not really occur as this method is // the only one that can remove oos's (besides cleanUp)."
10604403,SocketHubAppender.java,src/java/org/apache/log4j/net/SocketHubAppender.java,1a29e3ec91205f488d5ad379ecf61282a520bb2c,Ceki Gulcu ,2002-03-25 22:05:36,FUNCTION,public,void,append,LoggingEvent event ,168,t,8d15fcd9068d1e762b488bfc0d6fec3f0e6671fe,Curtis William Arnold ,2007-05-14 19:48:30,src/java/org/apache/log4j/net/SocketHubAppender.java,e4bb5e96052e534613fcd43f74efba6e12339d32,Curtis William Arnold ,2007-02-23 17:48:53,FUNCTION,public,void,append,LoggingEvent event ,181,DESIGN,198,200,// Failing to reset the object output stream every now and // then creates a serious memory leak. // right now we always reset. TODO - set up frequency counter per oos?
10607088,BoundedFIFO.java,src/java/org/apache/log4j/helpers/BoundedFIFO.java,80387e1d3e02134a8e24cb7d81b1ae6a7b3b6113,Ceki Gulcu ,2001-01-23 22:07:43,FUNCTION,synchronized public,void,resize,int newSize ,104,t,8d15fcd9068d1e762b488bfc0d6fec3f0e6671fe,Curtis William Arnold ,2007-05-14 19:48:30,src/java/org/apache/log4j/helpers/BoundedFIFO.java,e4bb5e96052e534613fcd43f74efba6e12339d32,Curtis William Arnold ,2007-02-23 17:48:53,FUNCTION,synchronized public,void,resize,int newSize ,125,DESIGN,117,118,// er.. how much do we actually need to copy? // We should not copy more than the actual number of elements.
10609808,NDC.java,src/java/org/apache/log4j/NDC.java,26f8d8a8cd3f272b3fa5d912889207c64844aa61,Ceki Gulcu ,2000-12-14 02:19:28,FUNCTION,private static,void,lazyRemove,"",215,t,3ee1b6521cba8b30b0b534a6b44a51a95c3ecf58,Curtis William Arnold ,2005-12-02 05:06:00,log4jMini/src/java/org/apache/log4j/NDC.java,68d68c3b312fb0fb6ccf4dc30f4a2e59d6d5ef94,Yoav Shapira ,2004-09-01 17:10:52,FUNCTION,private static,void,lazyRemove,"",226,DESIGN,217,219,// The synchronization on ht is necessary to prevent JDK 1.2.x from // throwing ConcurrentModificationExceptions at us. This sucks BIG-TIME. // One solution is to write our own hashtable implementation.
10620664,NDC.java,src/java/org/apache/log4j/NDC.java,26f8d8a8cd3f272b3fa5d912889207c64844aa61,Ceki Gulcu ,2000-12-14 02:19:28,FUNCTION,private static,void,lazyRemove,"",215,t,8d15fcd9068d1e762b488bfc0d6fec3f0e6671fe,Curtis William Arnold ,2007-05-14 19:48:30,src/java/org/apache/log4j/NDC.java,e4bb5e96052e534613fcd43f74efba6e12339d32,Curtis William Arnold ,2007-02-23 17:48:53,FUNCTION,private static,void,lazyRemove,"",245,DESIGN,217,219,// The synchronization on ht is necessary to prevent JDK 1.2.x from // throwing ConcurrentModificationExceptions at us. This sucks BIG-TIME. // One solution is to write our own hashtable implementation.
10622870,LoggingEvent.java,src/java/org/apache/log4j/spi/LoggingEvent.java,b702f7145d3f660ac350ec862df9e8e913c1fffa,Ceki Gulcu ,2001-01-20 16:02:22,FUNCTION,private,void,writePriority,ObjectOutputStream oos ,187,t,2586dda3d3d2d78414119dd9c49a734ce1b5a8d2,Ceki Gulcu ,2001-01-22 10:57:29,src/java/org/apache/log4j/spi/LoggingEvent.java,b702f7145d3f660ac350ec862df9e8e913c1fffa,Ceki Gulcu ,2001-01-20 16:02:22,FUNCTION,private,void,writePriority,ObjectOutputStream oos ,187,DESIGN,195,197,"// writing the Class would be nicer, except that serialized // classed can not be read back by JDK 1.1.x. We have to resort // to this hack instead."
10622906,LoggingEvent.java,src/java/org/apache/log4j/spi/LoggingEvent.java,2586dda3d3d2d78414119dd9c49a734ce1b5a8d2,Ceki Gulcu ,2001-01-22 10:57:29,FUNCTION,private,void,writePriority,ObjectOutputStream oos ,232,t,8d15fcd9068d1e762b488bfc0d6fec3f0e6671fe,Curtis William Arnold ,2007-05-14 19:48:30,src/java/org/apache/log4j/spi/LoggingEvent.java,c6b4fcb791c4d0f46974a1515f317858e6eeab55,Curtis William Arnold ,2007-04-21 03:46:53,FUNCTION,private,void,writeLevel,ObjectOutputStream oos ,469,DESIGN,240,242,"// writing directly the Class object would be nicer, except that // serialized a Class object can not be read back by JDK // 1.1.x. We have to resort to this hack instead."
10623910,LoggingEvent.java,src/java/org/apache/log4j/spi/LoggingEvent.java,21c50bd181a2b62ade54f2ab926b2da30bc23311,Ceki Gulcu ,2002-05-09 15:43:44,FUNCTION,private,void,readLevel,ObjectInputStream ois ,299,t,8d15fcd9068d1e762b488bfc0d6fec3f0e6671fe,Curtis William Arnold ,2007-05-14 19:48:30,src/java/org/apache/log4j/spi/LoggingEvent.java,c6b4fcb791c4d0f46974a1515f317858e6eeab55,Curtis William Arnold ,2007-04-21 03:46:53,FUNCTION,private,void,readLevel,ObjectInputStream ois ,402,DESIGN,311,316,"// Note that we use Class.getDeclaredMethod instead of // Class.getMethod. This assumes that the Level subclass // implements the toLevel(int) method which is a // requirement. Actually, it does not make sense for Level // subclasses NOT to implement this method. Also note that // only Level can be subclassed and not Priority."
10626565,LocationInfoFilter.java,src/java/org/apache/log4j/varia/LocationInfoFilter.java,0267a31ded09545f3314b79fd864278949186ba9,Scott Deboy ,2004-12-19 23:54:07,"","","","","",0,t,9a3cd1cde88cef824d4a266beec5ab15f94fdf5e,Curtis William Arnold ,2007-04-12 05:17:12,src/java/org/apache/log4j/filter/LocationInfoFilter.java,696ca5278150b8ca6ae726c36e477e3e819280e5,Curtis William Arnold ,2007-04-11 06:04:46,"","","","","",0,DESIGN,42,43,//HACK: Category is the last of the internal layers - pass this in as the class name //in order for parsing to work correctly
10632130,Loader.java,src/java/org/apache/log4j/helpers/Loader.java,caa8e432af35512216b58492e3d8499f7262e109,Ceki Gulcu ,2001-10-11 15:10:21,FUNCTION,static public,URL,getResource,String resource ,61,t,8d15fcd9068d1e762b488bfc0d6fec3f0e6671fe,Curtis William Arnold ,2007-05-14 19:48:30,src/java/org/apache/log4j/helpers/Loader.java,e4bb5e96052e534613fcd43f74efba6e12339d32,Curtis William Arnold ,2007-02-23 17:48:53,FUNCTION,static public,URL,getResource,String resource ,87,DESIGN,78,79,// We could not find resource. Ler us now try with the // classloader that loaded this class.
10632357,Shallow.java,src/java/org/apache/log4j/test/Shallow.java,4e7121c85b7353a8dff17f7669c270ad963763a6,Ceki Gulcu ,2000-12-14 09:16:58,FUNCTION,static,void,test,"",49,t,5acb6467f22f695ff58ff1116943e90eaca679c4,Curtis William Arnold ,2007-02-21 16:53:11,src/java/org/apache/log4j/test/Shallow.java,ef8533d6c669647b9db34297fd9219e72f698c88,Mark Dwayne Womack ,2005-05-24 05:06:25,FUNCTION,static,void,test,"",60,DESIGN,87,88,// It is always a good idea to call this method when exiting an // application.
10640916,ChainsawConstants.java,src/java/org/apache/log4j/chainsaw/ChainsawConstants.java,aa2c2475e04dd006102bd263a209da017de8d707,Paul Jeffrey Smith ,2003-12-23 21:44:17,"","","","","",0,t,0c831191c19467e54fa8f30e640d8e41e4e99328,Paul Jeffrey Smith ,2005-02-25 03:17:34,src/java/org/apache/log4j/chainsaw/ChainsawConstants.java,2e2427df271cb16463c59397999c4178e4d0bb03,Scott Deboy ,2004-12-01 07:58:08,"","","","","",0,DESIGN,121,121,//  TODO come up with a better page not found url
10642257,ChainsawCyclicBufferTableModel.java,src/java/org/apache/log4j/chainsaw/ChainsawCyclicBufferTableModel.java,c554e534361610b689c2cb81c5492901e948c964,Paul Jeffrey Smith ,2003-09-03 05:44:51,"","","","","",0,t,bffbaa46fd83985467185561669576bcf600f501,Paul Jeffrey Smith ,2003-09-09 03:00:51,src/java/org/apache/log4j/chainsaw/ChainsawCyclicBufferTableModel.java,b11afeb035f8b3bb9489a2a29ef53909254212cd,Paul Jeffrey Smith ,2003-09-05 03:39:43,"","","","","",0,DESIGN,279,282,"//TODO DO we need this method, I can find no references anywhere, but // left as is since it's such a large method.... //  public LoggingEvent getEvent(Vector v) { //    Integer ID ="
10642394,ChainsawCyclicBufferTableModel.java,src/java/org/apache/log4j/chainsaw/ChainsawCyclicBufferTableModel.java,c554e534361610b689c2cb81c5492901e948c964,Paul Jeffrey Smith ,2003-09-03 05:44:51,FUNCTION,public,void,run,"",614,t,bffbaa46fd83985467185561669576bcf600f501,Paul Jeffrey Smith ,2003-09-09 03:00:51,src/java/org/apache/log4j/chainsaw/ChainsawCyclicBufferTableModel.java,b11afeb035f8b3bb9489a2a29ef53909254212cd,Paul Jeffrey Smith ,2003-09-05 03:39:43,FUNCTION,public,void,run,"",674,DESIGN,616,616,//          TODO change when filtering refactor done.
10646339,AppenderSkeleton.java,src/java/org/apache/log4j/AppenderSkeleton.java,25517ae23def94e51e9c3b77ff3d0089c9279f8e,Ceki Gulcu ,2005-01-22 18:18:33,FUNCTION,public synchronized,void,doAppend,LoggingEvent event ,200,t,7db3e1f0e0bb4c4b77e638df7580b4b8377aeb4a,Ceki Gulcu ,2005-02-18 17:23:45,src/java/org/apache/log4j/AppenderSkeleton.java,25517ae23def94e51e9c3b77ff3d0089c9279f8e,Ceki Gulcu ,2005-01-22 18:18:33,FUNCTION,public synchronized,void,doAppend,LoggingEvent event ,200,DESIGN,213,217,"// FIXME: We should not flood other appenders but at the same time // should output something meaningful (only once though). // Logging not allowed: //getLogger().error( //  ""Attempted to append to closed appender named [{}]."", name);"
10646541,AppenderSkeleton.java,src/java/org/apache/log4j/AppenderSkeleton.java,200bdbf75b61b68118ab32bd793ef035846b78f5,Curtis William Arnold ,2005-03-08 22:32:58,FUNCTION,public final,void,activate,"",118,t,9cbe0056df7627bf47b99df046e8b27a101511d3,Curtis William Arnold ,2005-05-23 00:21:56,src/java/org/apache/log4j/AppenderSkeleton.java,200bdbf75b61b68118ab32bd793ef035846b78f5,Curtis William Arnold ,2005-03-08 22:32:58,FUNCTION,public final,void,activate,"",118,DESIGN,112,117,"/**
   *   Synonym for activateOptions.
   *   @deprecated TODO: this weird signature is an attempt to flush
   * out the remaining uses of activate since mixing activate and
   * activateOptions can lead to very bad things.
   */"
10647145,ChainsawStatusBar.java,src/java/org/apache/log4j/chainsaw/ChainsawStatusBar.java,e932b0f81efea5a6372513e317a4e753c8335ed2,Paul Jeffrey Smith ,2003-06-25 04:05:24,FUNCTION,"",void,remoteConnectionReceived,String source ,256,t,0c831191c19467e54fa8f30e640d8e41e4e99328,Paul Jeffrey Smith ,2005-02-25 03:17:34,src/java/org/apache/log4j/chainsaw/ChainsawStatusBar.java,a3857cf4bd42e788007ca7edadbb80185237a2e0,Scott Deboy ,2004-07-26 07:39:32,FUNCTION,"",void,remoteConnectionReceived,String source ,214,DESIGN,261,261,//    TODO and maybe play a sound?
10651152,Transform.java,src/java/org/apache/log4j/helpers/Transform.java,7bd0c413a7902328b3e48de73486b7076ae0efbb,Ceki Gulcu ,2002-04-26 12:31:42,FUNCTION,static public,String,escapeTags,String input ,29,t,8d15fcd9068d1e762b488bfc0d6fec3f0e6671fe,Curtis William Arnold ,2007-05-14 19:48:30,src/java/org/apache/log4j/helpers/Transform.java,e6aade6f7feefd92fbdce88df52f5c0f47387c34,Curtis William Arnold ,2007-04-27 19:53:38,FUNCTION,static public,String,escapeTags,String input ,43,DESIGN,37,38,//Use a StringBuffer in lieu of String concatenation -- it is //much more efficient this way.
10652408,ChainsawToolBarAndMenus.java,src/java/org/apache/log4j/chainsaw/ChainsawToolBarAndMenus.java,e932b0f81efea5a6372513e317a4e753c8335ed2,Paul Jeffrey Smith ,2003-06-25 04:05:24,FUNCTION,private,Action,createShowPreferencesAction,"",769,t,0c831191c19467e54fa8f30e640d8e41e4e99328,Paul Jeffrey Smith ,2005-02-25 03:17:34,src/java/org/apache/log4j/chainsaw/ChainsawToolBarAndMenus.java,4d735d9762e0acb248f97b2ac7b55a9ec3b0ac23,Scott Deboy ,2005-01-02 09:51:40,FUNCTION,private,Action,createCustomExpressionPanelAction,"",518,DESIGN,784,784,// TODO think of good mnemonics and HotKey for this action
10652412,ChainsawToolBarAndMenus.java,src/java/org/apache/log4j/chainsaw/ChainsawToolBarAndMenus.java,e932b0f81efea5a6372513e317a4e753c8335ed2,Paul Jeffrey Smith ,2003-06-25 04:05:24,FUNCTION,private,Action,createUndockAction,"",954,t,0c831191c19467e54fa8f30e640d8e41e4e99328,Paul Jeffrey Smith ,2005-02-25 03:17:34,src/java/org/apache/log4j/chainsaw/ChainsawToolBarAndMenus.java,4d735d9762e0acb248f97b2ac7b55a9ec3b0ac23,Scott Deboy ,2005-01-02 09:51:40,FUNCTION,private,Action,createUndockAction,"",725,DESIGN,970,970,//	TODO think of some mnemonics and HotKeys for this action
10652450,ChainsawToolBarAndMenus.java,src/java/org/apache/log4j/chainsaw/ChainsawToolBarAndMenus.java,7bb51aa12cb6f6db2b152a5c83783aba4048d64b,Paul Jeffrey Smith ,2003-09-02 03:39:16,FUNCTION,private,void,createToolbar,"",983,t,da6f1e2096c5c2ad078fcbc85ca5edcf9b2b369b,Paul Jeffrey Smith ,2003-09-02 22:24:08,src/java/org/apache/log4j/chainsaw/ChainsawToolBarAndMenus.java,7bb51aa12cb6f6db2b152a5c83783aba4048d64b,Paul Jeffrey Smith ,2003-09-02 03:39:16,FUNCTION,private,void,createToolbar,"",983,DESIGN,1019,1020,//	logTreePaneButton.setText(null); //	TODO add accelerator to this action
10666096,ColumnComparator.java,src/java/org/apache/log4j/chainsaw/ColumnComparator.java,d41228cc95ab66bc19e91207f2093bd6cbfd09dc,Paul Jeffrey Smith ,2003-09-05 04:17:16,FUNCTION,public,int,compare,"Object o1, Object o2 ",72,t,0c831191c19467e54fa8f30e640d8e41e4e99328,Paul Jeffrey Smith ,2005-02-25 03:17:34,src/java/org/apache/log4j/chainsaw/ColumnComparator.java,130b3181d10b8f89ee785ff0a0e608b9c3001ca3,Ceki Gulcu ,2004-05-21 18:45:07,FUNCTION,public,int,compare,"Object o1, Object o2 ",42,DESIGN,77,77,//		TODO not everything catered for here yet...
10670744,FileNamePattern.java,src/java/org/apache/log4j/rolling/helpers/FileNamePatternParser.java,2633cc86eeae1947fa08d7b907c5030bb4f456a7,Ceki Gulcu ,2003-05-13 22:32:49,FUNCTION,"",void,parse,"",80,t,af97c9ee085a698d9ea3530bc7234b53f969907b,Ceki Gulcu ,2003-05-21 19:00:00,src/java/org/apache/log4j/rolling/helpers/FileNamePattern.java,579d6f525526f317fa3cccd4bf8cbf11e8023361,Ceki Gulcu ,2003-05-19 13:50:10,FUNCTION,"",void,parse,"",82,DESIGN,109,109,"// At this stage, we can suppose that i < len -1"
10670763,FileNamePattern.java,src/java/org/apache/log4j/rolling/helpers/FileNamePattern.java,af97c9ee085a698d9ea3530bc7234b53f969907b,Ceki Gulcu ,2003-05-21 19:00:00,FUNCTION,"",void,parse,"",90,t,532c5ca2102386382f099e4920e93ec9f29f49bb,Curtis William Arnold ,2005-05-22 07:57:07,src/java/org/apache/log4j/rolling/helper/FileNamePattern.java,2816a0b6f858c8bd56a6f0556c0d3573e7bf7262,Ceki Gulcu ,2005-01-06 19:27:04,FUNCTION,"",void,parse,"",58,DESIGN,120,120,"// At this stage, we can suppose that i < patternLen -1"
10670871,EventCountListener.java,LICENSE.APL,b883df650806e112982688dd1c4ff3e158c217b5,Ceki Gulcu ,2000-12-14 01:46:05,FUNCTION,"",void,parse,"",58,t,54e0894a235cf32342eb9ccc6776b3172c67a65c,oburn ,2003-03-10 10:24:12,LICENSE.txt,3b12c48961f80caeab4b540b40ecfc369c33b18a,Ceki Gulcu ,2001-07-05 18:12:15,FUNCTION,"",void,parse,"",58,DESIGN,88,88,"// At this stage, we can suppose that i < patternLen -1"
10671272,FileAppender.java,src/java/org/apache/log4j/FileAppender.java,4649eee6fc9a5efa1253be942d21a239b2a71227,Ceki Gulcu ,2001-02-20 08:05:12,FUNCTION,protected,void,closeFile,"",170,t,ebc274ee0733441ed2acb2a401c059020e7fe1b3,Ceki Gulcu ,2001-08-14 21:00:34,src/java/org/apache/log4j/FileAppender.java,db451258c9d7f8724d6543c8c02b786b6abdee79,Ceki Gulcu ,2001-08-13 15:12:10,FUNCTION,protected,void,closeFile,"",219,DESIGN,171,171,// FIXME (remove qwIsOurs)
10679123,MDCKeySelector.java,src/java/org/apache/log4j/multiplex/MDCKeySelector.java,2fefbb9bbeb0a094d22ae551e317e3ab425efed4,Paul Jeffrey Smith ,2004-10-17 23:24:13,FUNCTION,public,void,activateOptions,"",49,t,719d93cd529c1f406668242393ff188d7ae77025,Curtis William Arnold ,2007-07-18 05:06:07,src/java/org/apache/log4j/multiplex/MDCKeySelector.java,2fefbb9bbeb0a094d22ae551e317e3ab425efed4,Paul Jeffrey Smith ,2004-10-17 23:24:13,FUNCTION,public,void,activateOptions,"",49,DESIGN,51,51,// TODO ?
10679465,FileLoadAction.java,src/java/org/apache/log4j/chainsaw/FileLoadAction.java,e932b0f81efea5a6372513e317a4e753c8335ed2,Paul Jeffrey Smith ,2003-06-25 04:05:24,FUNCTION,public,void,actionPerformed,ActionEvent e ,127,t,0c831191c19467e54fa8f30e640d8e41e4e99328,Paul Jeffrey Smith ,2005-02-25 03:17:34,src/java/org/apache/log4j/chainsaw/FileLoadAction.java,d8530a7ba0a823db98022edabcc018e5864ab2a5,Paul Jeffrey Smith ,2004-09-02 00:30:19,FUNCTION,public public static,void,importURL,"final ChainsawAppenderHandler handler, final Decoder decoder, String name, URL url ",141,DESIGN,162,162,// TODO Handle the error with a nice msg
10679480,FileLoadAction.java,src/java/org/apache/log4j/chainsaw/FileLoadAction.java,b89b60ad7d80a4c800f31f9b4088ebe81b699394,Paul Jeffrey Smith ,2003-11-20 22:10:19,FUNCTION,public,void,actionPerformed,ActionEvent e ,134,t,0c831191c19467e54fa8f30e640d8e41e4e99328,Paul Jeffrey Smith ,2005-02-25 03:17:34,src/java/org/apache/log4j/chainsaw/FileLoadAction.java,d8530a7ba0a823db98022edabcc018e5864ab2a5,Paul Jeffrey Smith ,2004-09-02 00:30:19,FUNCTION,public,void,actionPerformed,ActionEvent e ,78,DESIGN,167,167,// TODO: handle exception
10680049,MultiplexAppender.java,src/java/org/apache/log4j/multiplex/MultiplexAppender.java,2fefbb9bbeb0a094d22ae551e317e3ab425efed4,Paul Jeffrey Smith ,2004-10-17 23:24:13,FUNCTION,public,void,activateOptions,"",24,t,719d93cd529c1f406668242393ff188d7ae77025,Curtis William Arnold ,2007-07-18 05:06:07,src/java/org/apache/log4j/multiplex/MultiplexAppender.java,200bdbf75b61b68118ab32bd793ef035846b78f5,Curtis William Arnold ,2005-03-08 22:32:58,FUNCTION,public,void,activateOptions,"",27,DESIGN,33,33,// TODO work out how the Selector has it's AppenderFactory configured by Joran
10680053,MultiplexAppender.java,src/java/org/apache/log4j/multiplex/MultiplexAppender.java,2fefbb9bbeb0a094d22ae551e317e3ab425efed4,Paul Jeffrey Smith ,2004-10-17 23:24:13,FUNCTION,public,boolean,requiresLayout,"",60,t,719d93cd529c1f406668242393ff188d7ae77025,Curtis William Arnold ,2007-07-18 05:06:07,src/java/org/apache/log4j/multiplex/MultiplexAppender.java,200bdbf75b61b68118ab32bd793ef035846b78f5,Curtis William Arnold ,2005-03-08 22:32:58,FUNCTION,public,boolean,requiresLayout,"",61,DESIGN,61,61,//        TODO check this is correct
10683953,LogManager.java,src/java/org/apache/log4j/LogManager.java,3df2c311b8c5fbaa0b3375aa5b0bc1d3733f9bb2,Ceki Gulcu ,2005-01-07 20:47:38,"","","","","",0,t,ef8533d6c669647b9db34297fd9219e72f698c88,Mark Dwayne Womack ,2005-05-24 05:06:25,src/java/org/apache/log4j/LogManager.java,e662a596219b87726c1cbfbb8446ed4a5b8007c3,Curtis William Arnold ,2005-05-12 03:55:46,"","","","","",0,DESIGN,64,72,// The following static initializer gets invoked immediately after a call to  // Logger.getLogger() is made. Here is a description of the static initializer. //  // create defaultLoggerRepository // configure(defaultLoggerRepository) depending on system properties // during the configuration of defaultLoggerRepository a temporary repository  // selector is used. // // 
10684899,LogPanel.java,src/java/org/apache/log4j/chainsaw/LogUI.java,e932b0f81efea5a6372513e317a4e753c8335ed2,Paul Jeffrey Smith ,2003-06-25 04:05:24,FUNCTION,public public,void,activateViewer,MouseEvent e ,339,t,ddd173fcdb476c83256f72efa862edfb0275dab5,Scott Deboy ,2003-07-20 15:41:48,src/java/org/apache/log4j/chainsaw/LogUI.java,1296787db5726686701f25ac30bd899bad914d47,Scott Deboy ,2003-07-09 06:10:01,FUNCTION,public public,void,activateViewer,MouseEvent e ,342,DESIGN,496,496,//          TODO should also tidy up any other references to things... Might need to be able to recover this pane again...
10684921,LogPanel.java,src/java/org/apache/log4j/chainsaw/LogUI.java,e932b0f81efea5a6372513e317a4e753c8335ed2,Paul Jeffrey Smith ,2003-06-25 04:05:24,"","","","","",0,t,f8d25ba4a3689d3c8e9aa06b4ef100113bcbd5f3,Scott Deboy ,2004-01-25 11:06:59,src/java/org/apache/log4j/chainsaw/LogPanel.java,a1ce62d66f2977ac596df9c1b794cb62f153cd89,Scott Deboy ,2004-01-19 07:11:42,"","","","","",0,DESIGN,1285,1285,//HACK - fix the way columns are sized..should be saved off and loaded later
10684946,LogPanel.java,src/java/org/apache/log4j/chainsaw/LogUI.java,e932b0f81efea5a6372513e317a4e753c8335ed2,Paul Jeffrey Smith ,2003-06-25 04:05:24,FUNCTION,private,void,updateDetailPane,"",2193,t,0f5f5baf2d50a23710365d884520a4861df4b9b7,Paul Jeffrey Smith ,2003-09-03 05:50:01,src/java/org/apache/log4j/chainsaw/LogUI.java,cd4524d7e50644d9ea3a7b14a3ccb9c3e1d62100,Paul Jeffrey Smith ,2003-09-03 00:44:55,FUNCTION,private,void,updateDetailPane,"",2405,DESIGN,2200,2200,"//            TODO refactor to use a single getEvent(row) call, and use a Formatter interface for pluggable formatting"
10685043,LogPanel.java,src/java/org/apache/log4j/chainsaw/LogUI.java,679aa15746508e08c36a7b2e32463c8096a6a9b5,Paul Jeffrey Smith ,2003-06-29 22:57:55,FUNCTION,public public,void,activateViewer,"",342,t,76c5f0f0ea04e508126eb052f3787b662ace594d,Paul Jeffrey Smith ,2003-08-28 05:39:04,src/java/org/apache/log4j/chainsaw/LogUI.java,75527ec29038aea09de07cb4798050a2ea7f60ce,Paul Jeffrey Smith ,2003-08-07 07:56:04,FUNCTION,public public,void,activateViewer,"",384,DESIGN,567,567,//            TODO This could be done and look better in a custom Dialog
10685044,LogPanel.java,src/java/org/apache/log4j/chainsaw/LogUI.java,679aa15746508e08c36a7b2e32463c8096a6a9b5,Paul Jeffrey Smith ,2003-06-29 22:57:55,FUNCTION,public public,void,activateViewer,"",342,t,76c5f0f0ea04e508126eb052f3787b662ace594d,Paul Jeffrey Smith ,2003-08-28 05:39:04,src/java/org/apache/log4j/chainsaw/LogUI.java,75527ec29038aea09de07cb4798050a2ea7f60ce,Paul Jeffrey Smith ,2003-08-07 07:56:04,FUNCTION,public public,void,activateViewer,"",384,DESIGN,583,583,//              TODO search for Log4j config            
10685046,LogPanel.java,src/java/org/apache/log4j/chainsaw/LogUI.java,679aa15746508e08c36a7b2e32463c8096a6a9b5,Paul Jeffrey Smith ,2003-06-29 22:57:55,FUNCTION,public public,void,activateViewer,"",342,t,76c5f0f0ea04e508126eb052f3787b662ace594d,Paul Jeffrey Smith ,2003-08-28 05:39:04,src/java/org/apache/log4j/chainsaw/LogUI.java,75527ec29038aea09de07cb4798050a2ea7f60ce,Paul Jeffrey Smith ,2003-08-07 07:56:04,FUNCTION,public public,void,activateViewer,"",384,DESIGN,623,623,//                TODO handle if they don't choose a file
10686137,LogPanel.java,src/java/org/apache/log4j/chainsaw/LogUI.java,0f5f5baf2d50a23710365d884520a4861df4b9b7,Paul Jeffrey Smith ,2003-09-03 05:50:01,FUNCTION,public static,void,main,String [] args ,314,t,0cc749b722a851cd985cfaa98c143c9535355ff5,Scott Deboy ,2003-09-09 07:00:39,src/java/org/apache/log4j/chainsaw/LogUI.java,3fd8fbc941ca5c9a9c2cc62361516784b54ff72d,Paul Jeffrey Smith ,2003-09-09 03:03:32,FUNCTION,public static,void,main,String [] args ,321,DESIGN,316,316,//    TODO remove this when ready
10686218,LogPanel.java,src/java/org/apache/log4j/chainsaw/LogUI.java,0f5f5baf2d50a23710365d884520a4861df4b9b7,Paul Jeffrey Smith ,2003-09-03 05:50:01,FUNCTION,private,void,updateEntryMap,ChainsawEventBatchEntry entry ,2348,t,554511eabc7fa964de70990882050bdd4ed73b5e,Paul Jeffrey Smith ,2003-09-10 03:18:33,src/java/org/apache/log4j/chainsaw/LogPanel.java,0cc749b722a851cd985cfaa98c143c9535355ff5,Scott Deboy ,2003-09-09 07:00:39,FUNCTION,private,void,updateEntryMap,ChainsawEventBatchEntry entry ,1421,DESIGN,2360,2361,//        TODO fix up this Set Cast-O-Rama //also add it to the unique values list
10686221,LogPanel.java,src/java/org/apache/log4j/chainsaw/LogUI.java,0f5f5baf2d50a23710365d884520a4861df4b9b7,Paul Jeffrey Smith ,2003-09-03 05:50:01,FUNCTION,private,void,updateEntryMap,ChainsawEventBatchEntry entry ,2348,t,554511eabc7fa964de70990882050bdd4ed73b5e,Paul Jeffrey Smith ,2003-09-10 03:18:33,src/java/org/apache/log4j/chainsaw/LogPanel.java,0cc749b722a851cd985cfaa98c143c9535355ff5,Scott Deboy ,2003-09-09 07:00:39,FUNCTION,private,void,updateEntryMap,ChainsawEventBatchEntry entry ,1421,DESIGN,2376,2376,//          TODO MDC event stuff is not being output correctly
10686963,LogPanel.java,src/java/org/apache/log4j/chainsaw/LogUI.java,3fd8fbc941ca5c9a9c2cc62361516784b54ff72d,Paul Jeffrey Smith ,2003-09-09 03:03:32,FUNCTION,public,void,mouseMoved,MouseEvent evt ,1437,t,554511eabc7fa964de70990882050bdd4ed73b5e,Paul Jeffrey Smith ,2003-09-10 03:18:33,src/java/org/apache/log4j/chainsaw/LogPanel.java,0cc749b722a851cd985cfaa98c143c9535355ff5,Scott Deboy ,2003-09-09 07:00:39,FUNCTION,public,void,mouseMoved,MouseEvent evt ,357,DESIGN,1440,1440,//			TODO refactor so that LogPanel itself knows if Tooltips are enabled
10687142,LogPanel.java,src/java/org/apache/log4j/chainsaw/LogPanel.java,554511eabc7fa964de70990882050bdd4ed73b5e,Paul Jeffrey Smith ,2003-09-10 03:18:33,"","","","","",0,t,ac9e0003d5766df2f9f5b4052e3dd968911bd4fc,Scott Deboy ,2003-12-08 06:00:21,src/java/org/apache/log4j/chainsaw/LogPanel.java,94b1e818a9aab722aa1828ac8ec27b7d0515897c,Scott Deboy ,2003-12-04 08:53:02,"","","","","",0,DESIGN,318,320,//      TODO fix this menu so that columns can be hidden/displayed //      Iterator iter = logUI.getFilterableColumns().iterator(); //
10687230,LogPanel.java,src/java/org/apache/log4j/chainsaw/LogPanel.java,554511eabc7fa964de70990882050bdd4ed73b5e,Paul Jeffrey Smith ,2003-09-10 03:18:33,"","","","","",0,t,adafc1e6d9bf474c6f666a2afd1f6c9a7f888692,Paul Jeffrey Smith ,2003-09-17 01:31:36,src/java/org/apache/log4j/chainsaw/LogPanel.java,a42aeef744c24a09299f44028d2ab1f52fe7b7de,Paul Jeffrey Smith ,2003-09-15 22:13:27,"","","","","",0,DESIGN,764,766,"//	TODO undocked toolbar is broken       //      f.getContentPane().add( //        logUI.getToolBarAndMenus().createDockwindowToolbar(f, this), BorderLayout.NORTH);"
10688626,LogPanel.java,src/java/org/apache/log4j/chainsaw/LogPanel.java,adafc1e6d9bf474c6f666a2afd1f6c9a7f888692,Paul Jeffrey Smith ,2003-09-17 01:31:36,FUNCTION,public,void,propertyChange,PropertyChangeEvent evt ,477,t,f8d25ba4a3689d3c8e9aa06b4ef100113bcbd5f3,Scott Deboy ,2004-01-25 11:06:59,src/java/org/apache/log4j/chainsaw/LogPanel.java,a1ce62d66f2977ac596df9c1b794cb62f153cd89,Scott Deboy ,2004-01-19 07:11:42,FUNCTION,public,void,propertyChange,PropertyChangeEvent evt ,538,DESIGN,480,480,//			TODO need to work out how to suspend the DocumentChangeListener reFilter temporarily while this bit updates
10689358,LogPanel.java,src/java/org/apache/log4j/chainsaw/LogPanel.java,53a315279bd3541c2bcbece3a4a9d6ba5c5bcd7d,Paul Jeffrey Smith ,2003-09-26 08:16:27,FUNCTION,public,void,mouseMoved,MouseEvent e ,1903,t,ac9e0003d5766df2f9f5b4052e3dd968911bd4fc,Scott Deboy ,2003-12-08 06:00:21,src/java/org/apache/log4j/chainsaw/LogPanel.java,94b1e818a9aab722aa1828ac8ec27b7d0515897c,Scott Deboy ,2003-12-04 08:53:02,FUNCTION,public,void,mouseMoved,MouseEvent e ,2118,DESIGN,1908,1910,"//    TODO This is a Bug or something, but InputEvent.CTRL_DOWN_MASK only works // in JDK 1.4.2 when the LoggerTreePanel is open, if it is closed, it doesn't work... CTRL_DOWN_MASK // is ok though... Strange. Copied the mask from 1.4.2 here"
10700686,NDC.java,src/java/org/apache/log4j/NDC.java,26f8d8a8cd3f272b3fa5d912889207c64844aa61,Ceki Gulcu ,2000-12-14 02:19:28,FUNCTION,private static,void,lazyRemove,"",215,f,,,,src/main/java/org/apache/log4j/NDC.java,95bd0fe7b9f2d37836d88d1c04aba0beeba8e921,Gary D. Gregory ,2014-02-11 13:21:15,FUNCTION,private static,void,lazyRemove,"",249,DESIGN,217,219,// The synchronization on ht is necessary to prevent JDK 1.2.x from // throwing ConcurrentModificationExceptions at us. This sucks BIG-TIME. // One solution is to write our own hashtable implementation.
10701865,LogUI.java,src/java/org/apache/log4j/chainsaw/LogUI.java,e932b0f81efea5a6372513e317a4e753c8335ed2,Paul Jeffrey Smith ,2003-06-25 04:05:24,FUNCTION,public public,void,activateViewer,MouseEvent e ,339,t,ddd173fcdb476c83256f72efa862edfb0275dab5,Scott Deboy ,2003-07-20 15:41:48,src/java/org/apache/log4j/chainsaw/LogUI.java,1296787db5726686701f25ac30bd899bad914d47,Scott Deboy ,2003-07-09 06:10:01,FUNCTION,public public,void,activateViewer,MouseEvent e ,342,DESIGN,496,496,//          TODO should also tidy up any other references to things... Might need to be able to recover this pane again...
10701887,LogUI.java,src/java/org/apache/log4j/chainsaw/LogUI.java,e932b0f81efea5a6372513e317a4e753c8335ed2,Paul Jeffrey Smith ,2003-06-25 04:05:24,"","","","","",0,t,0cc749b722a851cd985cfaa98c143c9535355ff5,Scott Deboy ,2003-09-09 07:00:39,src/java/org/apache/log4j/chainsaw/LogUI.java,3fd8fbc941ca5c9a9c2cc62361516784b54ff72d,Paul Jeffrey Smith ,2003-09-09 03:03:32,"","","","","",0,DESIGN,1285,1285,//HACK - fix the way columns are sized..should be saved off and loaded later
10701912,LogUI.java,src/java/org/apache/log4j/chainsaw/LogUI.java,e932b0f81efea5a6372513e317a4e753c8335ed2,Paul Jeffrey Smith ,2003-06-25 04:05:24,FUNCTION,private,void,updateDetailPane,"",2193,t,0f5f5baf2d50a23710365d884520a4861df4b9b7,Paul Jeffrey Smith ,2003-09-03 05:50:01,src/java/org/apache/log4j/chainsaw/LogUI.java,cd4524d7e50644d9ea3a7b14a3ccb9c3e1d62100,Paul Jeffrey Smith ,2003-09-03 00:44:55,FUNCTION,private,void,updateDetailPane,"",2405,DESIGN,2200,2200,"//            TODO refactor to use a single getEvent(row) call, and use a Formatter interface for pluggable formatting"
10702009,LogUI.java,src/java/org/apache/log4j/chainsaw/LogUI.java,679aa15746508e08c36a7b2e32463c8096a6a9b5,Paul Jeffrey Smith ,2003-06-29 22:57:55,FUNCTION,public public,void,activateViewer,"",342,t,76c5f0f0ea04e508126eb052f3787b662ace594d,Paul Jeffrey Smith ,2003-08-28 05:39:04,src/java/org/apache/log4j/chainsaw/LogUI.java,75527ec29038aea09de07cb4798050a2ea7f60ce,Paul Jeffrey Smith ,2003-08-07 07:56:04,FUNCTION,public public,void,activateViewer,"",384,DESIGN,567,567,//            TODO This could be done and look better in a custom Dialog
10702010,LogUI.java,src/java/org/apache/log4j/chainsaw/LogUI.java,679aa15746508e08c36a7b2e32463c8096a6a9b5,Paul Jeffrey Smith ,2003-06-29 22:57:55,FUNCTION,public public,void,activateViewer,"",342,t,76c5f0f0ea04e508126eb052f3787b662ace594d,Paul Jeffrey Smith ,2003-08-28 05:39:04,src/java/org/apache/log4j/chainsaw/LogUI.java,75527ec29038aea09de07cb4798050a2ea7f60ce,Paul Jeffrey Smith ,2003-08-07 07:56:04,FUNCTION,public public,void,activateViewer,"",384,DESIGN,583,583,//              TODO search for Log4j config            
10702012,LogUI.java,src/java/org/apache/log4j/chainsaw/LogUI.java,679aa15746508e08c36a7b2e32463c8096a6a9b5,Paul Jeffrey Smith ,2003-06-29 22:57:55,FUNCTION,public public,void,activateViewer,"",342,t,76c5f0f0ea04e508126eb052f3787b662ace594d,Paul Jeffrey Smith ,2003-08-28 05:39:04,src/java/org/apache/log4j/chainsaw/LogUI.java,75527ec29038aea09de07cb4798050a2ea7f60ce,Paul Jeffrey Smith ,2003-08-07 07:56:04,FUNCTION,public public,void,activateViewer,"",384,DESIGN,623,623,//                TODO handle if they don't choose a file
10703103,LogUI.java,src/java/org/apache/log4j/chainsaw/LogUI.java,0f5f5baf2d50a23710365d884520a4861df4b9b7,Paul Jeffrey Smith ,2003-09-03 05:50:01,FUNCTION,public static,void,main,String [] args ,314,t,e839435777099eff5f45032f153d97aac6b871e7,Paul Jeffrey Smith ,2003-09-22 07:02:59,src/java/org/apache/log4j/chainsaw/LogUI.java,ee31bda74f98d9758124ace66aaaa09b0a2c51ca,Paul Jeffrey Smith ,2003-09-19 03:56:56,FUNCTION,public static,void,main,String [] args ,262,DESIGN,316,316,//    TODO remove this when ready
10703184,LogUI.java,src/java/org/apache/log4j/chainsaw/LogUI.java,0f5f5baf2d50a23710365d884520a4861df4b9b7,Paul Jeffrey Smith ,2003-09-03 05:50:01,FUNCTION,private,void,updateEntryMap,ChainsawEventBatchEntry entry ,2348,t,0cc749b722a851cd985cfaa98c143c9535355ff5,Scott Deboy ,2003-09-09 07:00:39,src/java/org/apache/log4j/chainsaw/LogUI.java,3fd8fbc941ca5c9a9c2cc62361516784b54ff72d,Paul Jeffrey Smith ,2003-09-09 03:03:32,FUNCTION,private,void,updateEntryMap,ChainsawEventBatchEntry entry ,2501,DESIGN,2360,2361,//        TODO fix up this Set Cast-O-Rama //also add it to the unique values list
10703187,LogUI.java,src/java/org/apache/log4j/chainsaw/LogUI.java,0f5f5baf2d50a23710365d884520a4861df4b9b7,Paul Jeffrey Smith ,2003-09-03 05:50:01,FUNCTION,private,void,updateEntryMap,ChainsawEventBatchEntry entry ,2348,t,0cc749b722a851cd985cfaa98c143c9535355ff5,Scott Deboy ,2003-09-09 07:00:39,src/java/org/apache/log4j/chainsaw/LogUI.java,3fd8fbc941ca5c9a9c2cc62361516784b54ff72d,Paul Jeffrey Smith ,2003-09-09 03:03:32,FUNCTION,private,void,updateEntryMap,ChainsawEventBatchEntry entry ,2501,DESIGN,2376,2376,//          TODO MDC event stuff is not being output correctly
10703929,LogUI.java,src/java/org/apache/log4j/chainsaw/LogUI.java,3fd8fbc941ca5c9a9c2cc62361516784b54ff72d,Paul Jeffrey Smith ,2003-09-09 03:03:32,FUNCTION,public,void,mouseMoved,MouseEvent evt ,1437,t,0cc749b722a851cd985cfaa98c143c9535355ff5,Scott Deboy ,2003-09-09 07:00:39,src/java/org/apache/log4j/chainsaw/LogUI.java,3fd8fbc941ca5c9a9c2cc62361516784b54ff72d,Paul Jeffrey Smith ,2003-09-09 03:03:32,FUNCTION,public,void,mouseMoved,MouseEvent evt ,1437,DESIGN,1440,1440,//			TODO refactor so that LogPanel itself knows if Tooltips are enabled
10707252,LogUI.java,src/java/org/apache/log4j/chainsaw/LogUI.java,765875de40b96ca5be0d2e96479a015dadd6a739,Paul Jeffrey Smith ,2003-12-31 07:03:34,FUNCTION,private,void,initPlugins,"",350,t,d8530a7ba0a823db98022edabcc018e5864ab2a5,Paul Jeffrey Smith ,2004-09-02 00:30:19,src/java/org/apache/log4j/chainsaw/LogUI.java,cc7597a8064f4911ebad7bf599c963365dcb4526,Scott Deboy ,2004-07-28 08:02:18,FUNCTION,private,void,initPlugins,PluginRegistry pluginRegistry ,392,DESIGN,365,365,// TODO this should all be in a config file
10709829,LogUI.java,src/java/org/apache/log4j/chainsaw/LogUI.java,5f1358759db4a4bb599f835af6a13afc21d9565e,Paul Jeffrey Smith ,2004-05-15 06:32:44,FUNCTION,private,void,initPlugins,PluginRegistry pluginRegistry ,345,t,0c831191c19467e54fa8f30e640d8e41e4e99328,Paul Jeffrey Smith ,2005-02-25 03:17:34,src/java/org/apache/log4j/chainsaw/LogUI.java,4d735d9762e0acb248f97b2ac7b55a9ec3b0ac23,Scott Deboy ,2005-01-02 09:51:40,FUNCTION,private,void,initPlugins,PluginRegistry pluginRegistry ,444,DESIGN,365,365,"//    TODO this should also be fixed up, as VFS bits and pieces might not be built in an Ant build when they don't have all the VFS jars local"
10710850,LogUI.java,src/java/org/apache/log4j/chainsaw/LogUI.java,d8530a7ba0a823db98022edabcc018e5864ab2a5,Paul Jeffrey Smith ,2004-09-02 00:30:19,FUNCTION,private,void,initPlugins,PluginRegistry pluginRegistry ,430,t,0c831191c19467e54fa8f30e640d8e41e4e99328,Paul Jeffrey Smith ,2005-02-25 03:17:34,src/java/org/apache/log4j/chainsaw/LogUI.java,4d735d9762e0acb248f97b2ac7b55a9ec3b0ac23,Scott Deboy ,2005-01-02 09:51:40,FUNCTION,private,void,initPlugins,PluginRegistry pluginRegistry ,444,DESIGN,445,448,// TODO this should all be in a config file //    ChainsawCentral cc = new ChainsawCentral(); //    pluginRegistry.addPlugin(cc); //    cc.activateOptions();
10718788,LoggerNameTree.java,src/java/org/apache/log4j/chainsaw/LoggerNameTree.java,c407235586ee9631fe2b3c3651e9c41991ccea18,Paul Jeffrey Smith ,2003-09-01 02:03:30,"","","","","",0,t,0c831191c19467e54fa8f30e640d8e41e4e99328,Paul Jeffrey Smith ,2005-02-25 03:17:34,src/java/org/apache/log4j/chainsaw/LoggerNameTree.java,cb47e2e82f2256cdb21373353c13bb91baf34c80,Yoav Shapira ,2004-02-27 16:47:37,"","","","","",0,DESIGN,74,75,//    ============================================ //    TODO remove this WIP node once we're statisfied
10720011,LoggerNameTreePanel.java,src/java/org/apache/log4j/chainsaw/LoggerNameTreePanel.java,0911f32d76f0c1e9bcb752a9a67dc3c6afb18155,Paul Jeffrey Smith ,2003-09-01 22:33:32,"","","","","",0,t,0c831191c19467e54fa8f30e640d8e41e4e99328,Paul Jeffrey Smith ,2005-02-25 03:17:34,src/java/org/apache/log4j/chainsaw/LoggerNameTreePanel.java,5b2d19618aa31d0e1299397ef946bb1003f95282,Scott Deboy ,2004-11-21 07:01:27,"","","","","",0,DESIGN,138,138,"//	TODO decide if Multi-selection is useful, and how it would work	"
10726838,BoundedFIFO.java,src/java/org/apache/log4j/helpers/BoundedFIFO.java,80387e1d3e02134a8e24cb7d81b1ae6a7b3b6113,Ceki Gulcu ,2001-01-23 22:07:43,FUNCTION,synchronized public,void,resize,int newSize ,104,f,,,,src/main/java/org/apache/log4j/helpers/BoundedFIFO.java,95bd0fe7b9f2d37836d88d1c04aba0beeba8e921,Gary D. Gregory ,2014-02-11 13:21:15,FUNCTION,synchronized public,void,resize,int newSize ,126,DESIGN,117,118,// er.. how much do we actually need to copy? // We should not copy more than the actual number of elements.
